"2014.1",,http://itjuzi.com/investfirm/6,APICloud柚子科技,移动互联网,a,500万美元,北极光创投
"2014.9",,http://itjuzi.com/investfirm/6,点融网,金融服务,b,数千万美元,北极光创投
"2014.9",,http://itjuzi.com/investfirm/6,博医帮/上海格平,医疗健康,a,500万美元,北极光创投
"2014.8",吴峰,http://itjuzi.com/investfirm/6,APUS Launcher,移动互联网,a,数百万美元,北极光创投
"2014.7",,http://itjuzi.com/investfirm/6,Facishare纷享科技,企业服务,b,1000万美元,北极光创投
"2014.7",,http://itjuzi.com/investfirm/6,纷享销客/易动纷享科技,企业服务,b,1000万美元,北极光创投
"2014.6",吴峰,http://itjuzi.com/investfirm/6,快牙/邻动网络DewMobile,移动互联网,b,2000万美元,北极光创投
"2014.5",,http://itjuzi.com/investfirm/6,WeComics微漫网络/捏捏,游戏动漫,a,150万美元,北极光创投
"2014.1",,http://itjuzi.com/investfirm/6,云杉网络,企业服务,a,数百万美元,北极光创投
"2013.11",,http://itjuzi.com/investfirm/6,任玩堂,游戏动漫,a,数百万美元,北极光创投
"2013.1",,http://itjuzi.com/investfirm/6,芯联达科技,医疗健康,a,数百万美元,北极光创投
"2013.1",,http://itjuzi.com/investfirm/6,触控科技CocoaChina,游戏动漫,preipo,5000万美元,北极光创投
"2013.1",吴峰,http://itjuzi.com/investfirm/6,TalkingData腾云天下,移动互联网,a,1000万美元,北极光创投
"2013.9",,http://itjuzi.com/investfirm/6,淘当铺,电子商务,a,数百万美元,北极光创投
"2013.8",,http://itjuzi.com/investfirm/6,点融网,金融服务,a,数百万美元,北极光创投
"2013.7",,http://itjuzi.com/investfirm/6,AeroHive艾诺威,电子硬件,preipo,1000万美元,北极光创投
"2013.3","王颖,吴蓉晖",http://itjuzi.com/investfirm/6,Zampus晶赞科技,广告营销,a,2000万美元,北极光创投
"2013.1",吴峰,http://itjuzi.com/investfirm/6,快牙/邻动网络DewMobile,移动互联网,a,数百万美元,北极光创投
"2013.1",吴峰,http://itjuzi.com/investfirm/6,拍淘购物/诞客网络,电子商务,a,数百万美元,北极光创投
"2013.1",吴峰,http://itjuzi.com/investfirm/6,爱贝微支付/爱贝云计费,移动互联网,a,数百万美元,北极光创投
"2012.11",,http://itjuzi.com/investfirm/6,星创互联/全民英雄/艺动娱乐,游戏动漫,a,数百万美元,北极光创投
"2012.1",,http://itjuzi.com/investfirm/6,安全宝,工具软件,b,数千万美元,北极光创投
"2012.9",,http://itjuzi.com/investfirm/6,AeroHive艾诺威,电子硬件,preipo,2250万美元,北极光创投
"2012.6",,http://itjuzi.com/investfirm/6,觅我信息,移动互联网,b,数千万美元,北极光创投
"2012.5",,http://itjuzi.com/investfirm/6,骏梦游戏/骏梦网络,游戏动漫,b,数千万人民币,北极光创投
"2012.1",,http://itjuzi.com/investfirm/6,嘀嗒团,电子商务,b,数千万美元,北极光创投
"2012.1",,http://itjuzi.com/investfirm/6,光华活彩传媒,广告营销,c,数千万美元,北极光创投
"2011.8",,http://itjuzi.com/investfirm/6,触控科技CocoaChina,游戏动漫,b,1400万美元,北极光创投
"2011.7",,http://itjuzi.com/investfirm/6,美团网,电子商务,b,5000万美元,北极光创投
"2011.6",,http://itjuzi.com/investfirm/6,Thundersoft中科创达,移动互联网,a,10000万人民币,北极光创投
"2011.3",,http://itjuzi.com/investfirm/6,AeroHive艾诺威,电子硬件,preipo,2500万美元,北极光创投
"2011.2",,http://itjuzi.com/investfirm/6,德比软件DerbySoft,旅游户外,b,数千万美元,北极光创投
"2011.1",,http://itjuzi.com/investfirm/6,觅我信息,移动互联网,a,数百万美元,北极光创投
"2011.1",,http://itjuzi.com/investfirm/6,喜讯无限,游戏动漫,a,数百万美元,北极光创投
"2010.11",,http://itjuzi.com/investfirm/6,触控科技CocoaChina,游戏动漫,a,数百万美元,北极光创投
"2010.3",,http://itjuzi.com/investfirm/6,AeroHive艾诺威,电子硬件,c,2350万美元,北极光创投
"2010.1",,http://itjuzi.com/investfirm/6,光华活彩传媒,广告营销,b,数百万美元,北极光创投
"2014.11",,http://itjuzi.com/investfirm/7,蜜淘网/背篓科技,电子商务,b,3000万美元,经纬中国
"2010.1",,http://itjuzi.com/investfirm/6,大龙网DinoDirect,电子商务,a,数百万美元,北极光创投
"2009.7",,http://itjuzi.com/investfirm/6,德比软件DerbySoft,旅游户外,b,500万美元,北极光创投
"2008.5",张震,http://itjuzi.com/investfirm/6,蓝港在线/蓝港互动,游戏动漫,b,2500万美元,北极光创投
"2007.7",,http://itjuzi.com/investfirm/6,AeroHive艾诺威,电子硬件,b,2000万美元,北极光创投
"2006.1",,http://itjuzi.com/investfirm/6,德比软件DerbySoft,旅游户外,a,650万美元,北极光创投
"2006.7",邓锋,http://itjuzi.com/investfirm/6,AeroHive艾诺威,电子硬件,a,400万美元,北极光创投
"2006.3",,http://itjuzi.com/investfirm/6,百合网,SNS社交网络,b,900万美元,北极光创投
"2014.11",,http://itjuzi.com/investfirm/7,荣昌e袋洗,消费生活,a,2000万美元,经纬中国
"2014.1",,http://itjuzi.com/investfirm/7,槽厂/橘子娱乐,多媒体娱乐,angel,1000万人民币,经纬中国
"2014.1",,http://itjuzi.com/investfirm/7,用家/KIWI奇异科技,移动互联网,angel,数百万人民币,经纬中国
"2014.1",,http://itjuzi.com/investfirm/7,美味不用等/普景科技,消费生活,b,数千万美元,经纬中国
"2014.1",,http://itjuzi.com/investfirm/7,风先生即刻送/格子箱,消费生活,a,数百万美元,经纬中国
"2014.1","邵亦波,王华东",http://itjuzi.com/investfirm/7,凹凸共享租车,汽车交通,a,1000万美元,经纬中国
"2014.1",,http://itjuzi.com/investfirm/7,e代驾,汽车交通,c,2500万美元,经纬中国
"2014.1",,http://itjuzi.com/investfirm/7,橘子娱乐/槽厂,多媒体娱乐,angel,1000万人民币,经纬中国
"2014.9",,http://itjuzi.com/investfirm/7,永洪科技,企业服务,a,1000万人民币,经纬中国
"2014.9",,http://itjuzi.com/investfirm/7,游谱旅行网,旅游户外,angel,数百万人民币,经纬中国
"2014.9",,http://itjuzi.com/investfirm/7,租租车,汽车交通,a,1000万美元,经纬中国
"2014.9",,http://itjuzi.com/investfirm/7,酷动社区/动享网络,SNS社交网络,angel,500万人民币,经纬中国
"2014.9",,http://itjuzi.com/investfirm/7,积木盒子,金融服务,b,3719万美元,经纬中国
"2014.8",,http://itjuzi.com/investfirm/7,美甲帮/牧云网络,消费生活,a,数百万美元,经纬中国
"2014.8",,http://itjuzi.com/investfirm/7,Sobug白帽众测,企业服务,angel,数百万人民币,经纬中国
"2014.8",钱坤,http://itjuzi.com/investfirm/7,阜鼎保理/阜鼎汇通商业保理,金融服务,a,数千万人民币,经纬中国
"2014.8",,http://itjuzi.com/investfirm/7,爱图购/in/九言科技,电子商务,b,数百万美元,经纬中国
"2014.8",,http://itjuzi.com/investfirm/7,机智云/杰升科技XPG,电子硬件,a,数百万美元,经纬中国
"2014.8",毛圣博,http://itjuzi.com/investfirm/7,七牛云存储,企业服务,c,数千万美元,经纬中国
"2014.7",,http://itjuzi.com/investfirm/7,蜜淘网/背篓科技,电子商务,a,500万美元,经纬中国
"2014.9",,http://itjuzi.com/investfirm/8,极客学院,教育培训,b,2200万美元,蓝驰创投
"2014.8",,http://itjuzi.com/investfirm/8,趣分期,金融服务,b,数千万美元,蓝驰创投
"2014.8",,http://itjuzi.com/investfirm/8,春雨掌上医生/春雨医生,医疗健康,c,5000万美元,蓝驰创投
"2014.7",,http://itjuzi.com/investfirm/8,趣分期,金融服务,a,数百万美元,蓝驰创投
"2014.6",,http://itjuzi.com/investfirm/8,淘当铺,电子商务,b,3000万美元,蓝驰创投
"2014.5",,http://itjuzi.com/investfirm/8,乐动力/北京朗动科技,移动互联网,a,数百万美元,蓝驰创投
"2014.7",,http://itjuzi.com/investfirm/7,FitTime睿健时代,消费生活,a,数百万美元,经纬中国
"2014.7",,http://itjuzi.com/investfirm/7,CN海淘网/蜜淘网/背篓科技,电子商务,a,500万美元,经纬中国
"2014.7",,http://itjuzi.com/investfirm/7,猿题库,教育培训,c,1500万美元,经纬中国
"2014.7","张颖,王华东",http://itjuzi.com/investfirm/7,nice品牌滤镜,移动互联网,b,2000万美元,经纬中国
"2014.7",,http://itjuzi.com/investfirm/7,MaxStone/美讯美通,电子硬件,a,数百万美元,经纬中国
"2014.7",,http://itjuzi.com/investfirm/7,辣妈帮/辣妈微生活,移动互联网,b,2000万美元,经纬中国
"2014.7",,http://itjuzi.com/investfirm/7,91金融超市,金融服务,b,未透露人民币,经纬中国
"2014.6",,http://itjuzi.com/investfirm/7,蛋定/甜派网络,消费生活,a,数百万美元,经纬中国
"2014.6",,http://itjuzi.com/investfirm/7,简图APP,移动互联网,angel,数百万人民币,经纬中国
"2014.6",,http://itjuzi.com/investfirm/7,桔子理财,金融服务,a,数百万美元,经纬中国
"2014.3",,http://itjuzi.com/investfirm/8,极客学院,教育培训,a,数百万美元,蓝驰创投
"2014.2",,http://itjuzi.com/investfirm/8,着迷网/乐享方登网络,游戏动漫,b,13000万人民币,蓝驰创投
"2014.1","潘翔,张矩",http://itjuzi.com/investfirm/8,青云QingCloud,企业服务,b,2000万美元,蓝驰创投
"2013.12",,http://itjuzi.com/investfirm/8,echo回声/启维文化,移动互联网,angel,数百万人民币,蓝驰创投
"2013.12",,http://itjuzi.com/investfirm/8,启维文化,SNS社交网络,angel,数百万人民币,蓝驰创投
"2013.12",,http://itjuzi.com/investfirm/8,钛金骑士/行尸走肉,游戏动漫,a,数百万美元,蓝驰创投
"2013.9",,http://itjuzi.com/investfirm/8,淘当铺,电子商务,a,数百万美元,蓝驰创投
"2014.6",,http://itjuzi.com/investfirm/7,分期乐,金融服务,angel,1000万人民币,经纬中国
"2014.6",,http://itjuzi.com/investfirm/7,笨鸟海淘,电子商务,angel,数百万人民币,经纬中国
"2014.6",,http://itjuzi.com/investfirm/7,西柚经期助手/美柚女生助手,医疗健康,c,3500万美元,经纬中国
"2014.5",,http://itjuzi.com/investfirm/7,吃饭儿/饭通天下,消费生活,angel,数百万人民币,经纬中国
"2014.5",,http://itjuzi.com/investfirm/7,AdSame传漾科技,广告营销,c,3000万美元,经纬中国
"2014.4",,http://itjuzi.com/investfirm/7,快的打车,汽车交通,b,数千万美元,经纬中国
"2014.4",,http://itjuzi.com/investfirm/7,环信即时通讯云,移动互联网,angel,数百万人民币,经纬中国
"2014.4",,http://itjuzi.com/investfirm/7,猎聘网,企业服务,c,7000万美元,经纬中国
"2013.5",,http://itjuzi.com/investfirm/8,乐动力/北京朗动科技,移动互联网,angel,数十万美元,蓝驰创投
"2013.1",,http://itjuzi.com/investfirm/8,青云QingCloud,企业服务,a,200万美元,蓝驰创投
"2013.1",,http://itjuzi.com/investfirm/8,卡小二,金融服务,a,数百万美元,蓝驰创投
"2013.1",,http://itjuzi.com/investfirm/8,蚂蚁短租,房产酒店,a,数百万美元,蓝驰创投
"2012.9",,http://itjuzi.com/investfirm/8,冰点酒店控,房产酒店,a,数百万美元,蓝驰创投
"2012.8",刘天民,http://itjuzi.com/investfirm/8,天品网,电子商务,a,1000万美元,蓝驰创投
"2014.4","张颖,王华东",http://itjuzi.com/investfirm/7,nice品牌滤镜,移动互联网,a,800万美元,经纬中国
"2014.3",,http://itjuzi.com/investfirm/7,完美诊所/更美,医疗健康,a,数百万美元,经纬中国
"2014.3",茹海波,http://itjuzi.com/investfirm/7,闪送/同城必应科技,消费生活,angel,数百万人民币,经纬中国
"2014.3","丛真,王梦秋",http://itjuzi.com/investfirm/7,快乐学,教育培训,a,500万美元,经纬中国
"2014.2",,http://itjuzi.com/investfirm/7,黑岩网/品读者科技,多媒体娱乐,a,数百万美元,经纬中国
"2014.2","周逵,左凌烨",http://itjuzi.com/investfirm/7,土巴兔装修网,消费生活,b,10000万人民币,经纬中国
"2014.2",,http://itjuzi.com/investfirm/7,车易拍/北京巅峰科技,汽车交通,c,5000万美元,经纬中国
"2014.1",,http://itjuzi.com/investfirm/7,口袋通/起码科技,电子商务,a,数百万美元,经纬中国
"2014.1",,http://itjuzi.com/investfirm/7,富途证券/富途牛牛,金融服务,a,数千万人民币,经纬中国
"2012.5",,http://itjuzi.com/investfirm/8,杏树林,医疗健康,angel,数十万美元,蓝驰创投
"2012.1",曹巍,http://itjuzi.com/investfirm/8,口袋视频,移动互联网,angel,数百万美元,蓝驰创投
"2012.1","姜志熹,王啸",http://itjuzi.com/investfirm/8,91金融超市,金融服务,angel,数百万人民币,蓝驰创投
"2012.1",,http://itjuzi.com/investfirm/8,着迷网/乐享方登网络,游戏动漫,a,数百万美元,蓝驰创投
"2011.11","陈维广,姜志熹",http://itjuzi.com/investfirm/8,春雨掌上医生/春雨医生,医疗健康,a,300万美元,蓝驰创投
"2011.1","朱天宇,符绩勋,胡磊",http://itjuzi.com/investfirm/8,美丽说,电子商务,c,2000万美元,蓝驰创投
"2011.5",吴佳捷,http://itjuzi.com/investfirm/8,房价网,房产酒店,b,数千万美元,蓝驰创投
"2011.2",朱天宇,http://itjuzi.com/investfirm/8,唱吧,移动互联网,a,数百万美元,蓝驰创投
"2010.12",朱天宇,http://itjuzi.com/investfirm/8,美丽说,电子商务,a,200万美元,蓝驰创投
"2010.5",,http://itjuzi.com/investfirm/8,赶集网,消费生活,b,2000万美元,蓝驰创投
"2014.1",,http://itjuzi.com/investfirm/7,富途网/富途证券,金融服务,a,数千万人民币,经纬中国
"2014.1",,http://itjuzi.com/investfirm/7,e代驾,汽车交通,b,数千万美元,经纬中国
"2014.1",,http://itjuzi.com/investfirm/7,新氧网/名仕优翔,消费生活,a,数百万美元,经纬中国
"2014.1",,http://itjuzi.com/investfirm/7,#Sight锋时互动/微动,电子硬件,angel,数百万人民币,经纬中国
"2014.1",,http://itjuzi.com/investfirm/7,卓正医疗,医疗健康,b,数千万人民币,经纬中国
"2014.1",,http://itjuzi.com/investfirm/7,酒店哥哥,房产酒店,a,400万人民币,经纬中国
"2014.1",,http://itjuzi.com/investfirm/7,拇指阅读/上海珠玑文化,媒体资讯,angel,数百万人民币,经纬中国
"2014.1",王华东,http://itjuzi.com/investfirm/7,西柚经期助手/美柚女生助手,医疗健康,b,1500万美元,经纬中国
"2014.1","潘翔,张矩",http://itjuzi.com/investfirm/7,青云QingCloud,企业服务,b,2000万美元,经纬中国
"2013.12",,http://itjuzi.com/investfirm/7,找钢网,电子商务,c,3480万美元,经纬中国
"2013.12",汤和松,http://itjuzi.com/investfirm/7,YOKA时尚网,媒体资讯,c,1500万美元,经纬中国
"2010.2",,http://itjuzi.com/investfirm/8,优谈网/禹容网络,SNS社交网络,angel,1000万人民币,蓝驰创投
"2009.1",,http://itjuzi.com/investfirm/8,赶集网,消费生活,a,800万美元,蓝驰创投
"2008.8",吴佳捷,http://itjuzi.com/investfirm/8,房价网,房产酒店,a,数百万美元,蓝驰创投
"2006.1",陈维广,http://itjuzi.com/investfirm/8,PPTV聚力传媒/PPLive,多媒体娱乐,a,数百万美元,蓝驰创投
"2013.12",,http://itjuzi.com/investfirm/7,点名时间,电子硬件,a,数百万美元,经纬中国
"2013.11",庄明浩,http://itjuzi.com/investfirm/7,8868交易平台,游戏动漫,a,未透露人民币,经纬中国
"2013.11",丛真,http://itjuzi.com/investfirm/7,饿了么/订奶茶,电子商务,c,2500万美元,经纬中国
"2013.11",,http://itjuzi.com/investfirm/7,Seafile/海文互知,工具软件,angel,数百万人民币,经纬中国
"2013.1",王华东,http://itjuzi.com/investfirm/7,凯奇谷游戏/超级英雄,游戏动漫,a,数百万美元,经纬中国
"2013.1",,http://itjuzi.com/investfirm/7,幻腾智能Phantom,电子硬件,angel,150万美元,经纬中国
"2013.1",,http://itjuzi.com/investfirm/7,快的打车,汽车交通,a,400万美元,经纬中国
"2014.11",,http://itjuzi.com/investfirm/3,博湃养车/易捷卡,汽车交通,a,数千万人民币,创新工场
"2014.11",,http://itjuzi.com/investfirm/3,Face++/旷视科技,工具软件,b,2200万美元,创新工场
"2014.1",陈悦天,http://itjuzi.com/investfirm/3,三国之乱舞,游戏动漫,angel,数百万人民币,创新工场
"2014.1",,http://itjuzi.com/investfirm/3,FView无水社区/杀价帮,媒体资讯,a,500万人民币,创新工场
"2014.11",,http://itjuzi.com/investfirm/4,几个果农,电子商务,angel,500万人民币,真格基金
"2014.1",,http://itjuzi.com/investfirm/4,槽厂/橘子娱乐,多媒体娱乐,angel,1000万人民币,真格基金
"2014.1",王强,http://itjuzi.com/investfirm/4,MusicFlow乐流/渡鸦科技RavenTech,移动互联网,angel,数百万人民币,真格基金
"2013.1",,http://itjuzi.com/investfirm/7,91金融超市,金融服务,a,6000万人民币,经纬中国
"2013.9",熊飞,http://itjuzi.com/investfirm/7,大鱼自助游/鱼行天下科技,旅游户外,angel,数百万人民币,经纬中国
"2013.8",,http://itjuzi.com/investfirm/7,Camera360/相机360,移动互联网,b,1800万美元,经纬中国
"2013.8",,http://itjuzi.com/investfirm/7,品果科技/Camera360,移动互联网,b,1800万美元,经纬中国
"2013.8",,http://itjuzi.com/investfirm/7,辣妈帮/辣妈微生活,移动互联网,a,数百万美元,经纬中国
"2013.8",,http://itjuzi.com/investfirm/7,猿题库,教育培训,b,700万美元,经纬中国
"2013.7",,http://itjuzi.com/investfirm/7,完美诊所/更美,医疗健康,angel,数百万人民币,经纬中国
"2013.7",王华东,http://itjuzi.com/investfirm/7,周末去哪儿/西示网络,旅游户外,a,数百万人民币,经纬中国
"2013.7",,http://itjuzi.com/investfirm/7,魔方网,媒体资讯,angel,数千万人民币,经纬中国
"2013.7",,http://itjuzi.com/investfirm/7,粉笔网/猿题库,教育培训,b,数百万美元,经纬中国
"2013.7",王华东,http://itjuzi.com/investfirm/7,周五旅游网/西示网络,旅游户外,a,数百万人民币,经纬中国
"2014.1",,http://itjuzi.com/investfirm/3,Blink快看,SNS社交网络,a,2000万美元,创新工场
"2014.9",,http://itjuzi.com/investfirm/3,懒人输入法,移动互联网,angel,数百万人民币,创新工场
"2014.9",,http://itjuzi.com/investfirm/3,EasyCar易捷卡,汽车交通,a,数千万人民币,创新工场
"2014.9",,http://itjuzi.com/investfirm/3,暴走漫画/摩摩信息,游戏动漫,c,数千万美元,创新工场
"2014.8",,http://itjuzi.com/investfirm/3,哈哈拼车,汽车交通,b,数千万美元,创新工场
"2014.7",,http://itjuzi.com/investfirm/3,Blink快看,SNS社交网络,angel,数百万人民币,创新工场
"2014.7",,http://itjuzi.com/investfirm/3,66RPG橙光游戏中心,游戏动漫,a,数百万美元,创新工场
"2014.7",,http://itjuzi.com/investfirm/3,ImbaTV,多媒体娱乐,a,未透露人民币,创新工场
"2014.6",,http://itjuzi.com/investfirm/3,金箍棒海外购,电子商务,angel,数百万人民币,创新工场
"2014.6",,http://itjuzi.com/investfirm/3,天天用车/天和亿科技,汽车交通,a,数百万人民币,创新工场
"2014.6",,http://itjuzi.com/investfirm/3,点赞基金/骆明科技,金融服务,angel,数百万人民币,创新工场
"2014.1",,http://itjuzi.com/investfirm/4,Kisslink吻路由/囡宝科技,电子硬件,angel,数百万人民币,真格基金
"2014.1",,http://itjuzi.com/investfirm/4,橘子娱乐/槽厂,多媒体娱乐,angel,1000万人民币,真格基金
"2014.1",,http://itjuzi.com/investfirm/4,Blink快看,SNS社交网络,a,2000万美元,真格基金
"2014.9",,http://itjuzi.com/investfirm/4,Dr.drinks星球饮品系统/爱味科技,电子硬件,a,1000万人民币,真格基金
"2014.8",,http://itjuzi.com/investfirm/4,接我拼车/浩翔快线,汽车交通,angel,数百万人民币,真格基金
"2014.8",,http://itjuzi.com/investfirm/4,优分期/和创未来,金融服务,angel,1000万人民币,真格基金
"2014.8",,http://itjuzi.com/investfirm/4,零零无限科技,电子硬件,a,数百万美元,真格基金
"2014.8",,http://itjuzi.com/investfirm/4,ZEUSÉ宙世科技,电子硬件,angel,数百万人民币,真格基金
"2014.8",,http://itjuzi.com/investfirm/4,实验楼/SimpleCloud琛石科技,教育培训,angel,数百万人民币,真格基金
"2014.8",,http://itjuzi.com/investfirm/4,GMAT加分宝/Prep4GMAT,教育培训,a,300万美元,真格基金
"2014.8",,http://itjuzi.com/investfirm/4,上海谷露软件,企业服务,angel,数百万人民币,真格基金
"2014.8",,http://itjuzi.com/investfirm/4,Everstring万维思源,企业服务,a,1200万美元,真格基金
"2014.9",,http://itjuzi.com/investfirm/5,秒拍(前身一下视频/拍客),多媒体娱乐,c,5000万美元,KPCB 凯鹏华盈
"2014.7",,http://itjuzi.com/investfirm/5,融360,金融服务,c,6000万美元,KPCB 凯鹏华盈
"2014.7",,http://itjuzi.com/investfirm/5,极路由HiWiFi/极科极客科技,电子硬件,a,1000万美元,KPCB 凯鹏华盈
"2014.5",,http://itjuzi.com/investfirm/5,喜马拉雅,移动互联网,a,1150万美元,KPCB 凯鹏华盈
"2014.11",,http://itjuzi.com/investfirm/2,SenseTime,工具软件,a,数千万美元,IDG资本
"2014.11",,http://itjuzi.com/investfirm/1,泰笛网/泰笛洗涤,消费生活,b,数千万美元,红杉资本中国
"2013.7",郝玮,http://itjuzi.com/investfirm/7,抬杠,移动互联网,a,数百万美元,经纬中国
"2013.6",,http://itjuzi.com/investfirm/7,美味不用等/普景科技,消费生活,a,数百万美元,经纬中国
"2013.6",左凌烨,http://itjuzi.com/investfirm/7,土巴兔装修网,消费生活,a,数百万美元,经纬中国
"2013.5",,http://itjuzi.com/investfirm/7,Reebonz瑞宝仕,电子商务,c,4000万美元,经纬中国
"2013.5",,http://itjuzi.com/investfirm/7,ZANK赞客/知春畅想,SNS社交网络,angel,数百万人民币,经纬中国
"2013.3",,http://itjuzi.com/investfirm/7,车易拍/北京巅峰科技,汽车交通,b,2000万美元,经纬中国
"2013.2",,http://itjuzi.com/investfirm/7,北森,企业服务,b,1000万美元,经纬中国
"2013.1",,http://itjuzi.com/investfirm/7,FreyrGames伏睿,游戏动漫,angel,数百万人民币,经纬中国
"2013.1",,http://itjuzi.com/investfirm/7,1006.tv/试玩网,游戏动漫,a,数百万美元,经纬中国
"2014.6",赖晓凌,http://itjuzi.com/investfirm/3,Fineck智能项链/维锐科技,电子硬件,angel,数百万人民币,创新工场
"2014.6",吴峰,http://itjuzi.com/investfirm/3,快牙/邻动网络DewMobile,移动互联网,b,2000万美元,创新工场
"2014.5",,http://itjuzi.com/investfirm/3,A.I.Nemo小鱼在家,电子硬件,a,数百万美元,创新工场
"2014.5",,http://itjuzi.com/investfirm/3,追追漫画/漫动科技,游戏动漫,angel,数百万人民币,创新工场
"2014.4",,http://itjuzi.com/investfirm/3,TOPIT.ME优美图/优美风尚网络,SNS社交网络,a,数百万美元,创新工场
"2014.4",,http://itjuzi.com/investfirm/3,VEARI维锐/CloudRing/索瓦科技,电子硬件,a,数百万美元,创新工场
"2014.3",,http://itjuzi.com/investfirm/3,小影/杭州趣维科技,移动互联网,a,数千万人民币,创新工场
"2014.3",,http://itjuzi.com/investfirm/3,壹枱The ONE智能钢琴/小叶子科技,教育培训,a,1000万人民币,创新工场
"2014.8",,http://itjuzi.com/investfirm/4,凹凸共享租车,汽车交通,angel,数千万人民币,真格基金
"2014.8",,http://itjuzi.com/investfirm/4,ChineseSkill,教育培训,angel,数百万人民币,真格基金
"2014.7",,http://itjuzi.com/investfirm/4,骡迹智慧物流/北京运科网络,电子商务,angel,500万人民币,真格基金
"2014.6",,http://itjuzi.com/investfirm/4,直播党/快乐迭代,移动互联网,angel,数百万人民币,真格基金
"2014.6",,http://itjuzi.com/investfirm/4,安心de利,金融服务,angel,数百万人民币,真格基金
"2014.6",,http://itjuzi.com/investfirm/4,那好网,教育培训,angel,数百万人民币,真格基金
"2014.6",,http://itjuzi.com/investfirm/4,小红书/行吟科技,旅游户外,a,数百万美元,真格基金
"2014.5",,http://itjuzi.com/investfirm/4,蜜芽宝贝,电子商务,b,2000万美元,真格基金
"2014.5",,http://itjuzi.com/investfirm/4,摩点网/摩点众筹,金融服务,angel,1000万人民币,真格基金
"2014.5",童玮亮,http://itjuzi.com/investfirm/4,太火鸟,电子商务,angel,200万美元,真格基金
"2014.4",,http://itjuzi.com/investfirm/5,瑞尔齿科,医疗健康,c,7000万美元,KPCB 凯鹏华盈
"2014.3",,http://itjuzi.com/investfirm/5,碰碰/云智联网络,移动互联网,a,400万美元,KPCB 凯鹏华盈
"2014.3",,http://itjuzi.com/investfirm/5,悠络客电子科技,企业服务,a,2500万人民币,KPCB 凯鹏华盈
"2014.3","张灵,邓元鋆",http://itjuzi.com/investfirm/5,美餐网,电子商务,b,1000万美元,KPCB 凯鹏华盈
"2014.3",,http://itjuzi.com/investfirm/5,云智联/碰碰,移动互联网,a,400万美元,KPCB 凯鹏华盈
"2014.3",,http://itjuzi.com/investfirm/5,辛巴达供应链/爱的蜜吻,电子商务,a,数百万美元,KPCB 凯鹏华盈
"2014.1",,http://itjuzi.com/investfirm/5,花瓣网/纬聚网络,SNS社交网络,b,数百万美元,KPCB 凯鹏华盈
"2013.12",,http://itjuzi.com/investfirm/5,贝瑞和康,医疗健康,c,亿元及以上人民币,KPCB 凯鹏华盈
"2013.12",,http://itjuzi.com/investfirm/5,诺尔康神经电子科技,医疗健康,c,10000万人民币,KPCB 凯鹏华盈
"2013.7",,http://itjuzi.com/investfirm/5,人人猎头,企业服务,a,数百万美元,KPCB 凯鹏华盈
"2013.7","曹大容,宓群,郝玮",http://itjuzi.com/investfirm/5,融360,金融服务,b,3000万美元,KPCB 凯鹏华盈
"2014.11",,http://itjuzi.com/investfirm/2,PP租车/爱车汇,汽车交通,b,6000万美元,IDG资本
"2014.11",,http://itjuzi.com/investfirm/2,多备份DBFen/木浪科技,企业服务,angel,1000万人民币,IDG资本
"2014.1",,http://itjuzi.com/investfirm/2,Eput.com/路大在线科技,多媒体娱乐,a,数百万美元,IDG资本
"2014.1",,http://itjuzi.com/investfirm/2,街蜜,电子商务,angel,数百万人民币,IDG资本
"2014.1",,http://itjuzi.com/investfirm/2,Bloomsky九安医疗,电子硬件,a,400万美元,IDG资本
"2014.1",,http://itjuzi.com/investfirm/2,OK车险/保橙网络,金融服务,a,数百万美元,IDG资本
"2014.9",,http://itjuzi.com/investfirm/2,Ghost智能空中机器人/Ehang亿航无人机,电子硬件,a,未透露美元,IDG资本
"2014.9",,http://itjuzi.com/investfirm/2,老师来了,教育培训,angel,数百万人民币,IDG资本
"2014.9",,http://itjuzi.com/investfirm/2,轻轻家教/轻轻教育,教育培训,a,数百万美元,IDG资本
"2014.9",,http://itjuzi.com/investfirm/2,玩兔科技,SNS社交网络,angel,数百万人民币,IDG资本
"2014.9",闫极晟,http://itjuzi.com/investfirm/2,LeanCloud/AVOS Cloud,企业服务,a,数千万美元,IDG资本
"2014.11",,http://itjuzi.com/investfirm/1,PP租车/爱车汇,汽车交通,b,6000万美元,红杉资本中国
"2014.1",,http://itjuzi.com/investfirm/1,云智慧,企业服务,b,数千万美元,红杉资本中国
"2014.1",,http://itjuzi.com/investfirm/1,Blink快看,SNS社交网络,a,2000万美元,红杉资本中国
"2014.9",,http://itjuzi.com/investfirm/1,监控宝/云智慧科技,企业服务,b,数千万美元,红杉资本中国
"2014.9",,http://itjuzi.com/investfirm/1,随手记/随手网,金融服务,b,数千万美元,红杉资本中国
"2014.8",,http://itjuzi.com/investfirm/1,杏仁医生/看处方,医疗健康,a,500万美元,红杉资本中国
"2014.8",,http://itjuzi.com/investfirm/1,有间房/桔家软件,房产酒店,a,200万美元,红杉资本中国
"2014.8",,http://itjuzi.com/investfirm/1,小麦公社/快客蚁族,电子商务,a,1000万美元,红杉资本中国
"2013.1",,http://itjuzi.com/investfirm/7,赞那度,旅游户外,angel,数百万人民币,经纬中国
"2013.1",左凌烨,http://itjuzi.com/investfirm/7,潘朵拉,电子商务,a,数百万美元,经纬中国
"2013.1",,http://itjuzi.com/investfirm/7,猎聘网,企业服务,b,数百万美元,经纬中国
"2013.1",丛真,http://itjuzi.com/investfirm/7,饿了么/订奶茶,电子商务,b,数百万美元,经纬中国
"2013.1",毛圣博,http://itjuzi.com/investfirm/7,七牛云存储,企业服务,b,数千万美元,经纬中国
"2013.1",,http://itjuzi.com/investfirm/7,找钢网,电子商务,b,数千万人民币,经纬中国
"2012.12","茹海波,牛立雄",http://itjuzi.com/investfirm/7,e代驾,汽车交通,a,数百万美元,经纬中国
"2012.12",,http://itjuzi.com/investfirm/7,卖座网,电子商务,a,数百万人民币,经纬中国
"2012.1",,http://itjuzi.com/investfirm/7,文件大师/极客软件,移动互联网,a,850万人民币,经纬中国
"2012.8","万浩基,王华东,Yuri Milner",http://itjuzi.com/investfirm/7,陌陌,移动互联网,b,4000万美元,经纬中国
"2012.8",,http://itjuzi.com/investfirm/7,抬杠,移动互联网,angel,数百万人民币,经纬中国
"2012.8",张颖,http://itjuzi.com/investfirm/7,果麦文化,文化艺术体育,a,数千万人民币,经纬中国
"2014.2",,http://itjuzi.com/investfirm/3,领拓云合LightOnUs,移动互联网,angel,数百万人民币,创新工场
"2014.1",,http://itjuzi.com/investfirm/3,半次元网,游戏动漫,a,数百万美元,创新工场
"2014.1",,http://itjuzi.com/investfirm/3,卡考网络,房产酒店,a,未透露人民币,创新工场
"2014.1",,http://itjuzi.com/investfirm/3,翻翻动漫/翻翻漫画网,多媒体娱乐,a,数千万人民币,创新工场
"2014.1",,http://itjuzi.com/investfirm/3,Molbase摩贝/摩库数据,电子商务,a,数百万美元,创新工场
"2014.1",,http://itjuzi.com/investfirm/3,有趣点/游衷文化,媒体资讯,angel,数百万人民币,创新工场
"2014.1",,http://itjuzi.com/investfirm/3,海欢网,电子商务,a,数百万美元,创新工场
"2014.1",,http://itjuzi.com/investfirm/3,红点直播/红点科技,移动互联网,angel,数百万人民币,创新工场
"2014.4",,http://itjuzi.com/investfirm/4,乐博乐博机器人ROBOROBO,教育培训,angel,1000万人民币,真格基金
"2014.3",,http://itjuzi.com/investfirm/4,订单保/华甫达,金融服务,angel,数百万人民币,真格基金
"2014.3",,http://itjuzi.com/investfirm/4,Dreamobi/北京追盟,游戏动漫,angel,数百万人民币,真格基金
"2014.3",,http://itjuzi.com/investfirm/4,美衣地图/安硕众艺科技,移动互联网,angel,数百万人民币,真格基金
"2014.3",,http://itjuzi.com/investfirm/4,美澳居,房产酒店,a,5000万人民币,真格基金
"2014.2",顾旻曼,http://itjuzi.com/investfirm/4,应试宝/掌控优教,教育培训,angel,数百万人民币,真格基金
"2014.2",徐小平,http://itjuzi.com/investfirm/4,美澳居,房产酒店,angel,数百万人民币,真格基金
"2014.1",,http://itjuzi.com/investfirm/4,零零无限科技,电子硬件,angel,数百万人民币,真格基金
"2014.1",,http://itjuzi.com/investfirm/4,WeComics微漫网络/捏捏,游戏动漫,angel,数百万人民币,真格基金
"2014.1",,http://itjuzi.com/investfirm/4,经纶天下,游戏动漫,angel,数百万人民币,真格基金
"2014.1",,http://itjuzi.com/investfirm/4,Ghost智能空中机器人/Ehang亿航无人机,电子硬件,angel,数百万人民币,真格基金
"2014.1",,http://itjuzi.com/investfirm/4,NeBulium Games星云素,游戏动漫,angel,数百万人民币,真格基金
"2013.6",,http://itjuzi.com/investfirm/5,成都盛世文锦/一针一线,其他,a,2000万美元,KPCB 凯鹏华盈
"2013.4",周炜,http://itjuzi.com/investfirm/5,秒针系统,广告营销,c,1000万美元,KPCB 凯鹏华盈
"2012.1",张灵,http://itjuzi.com/investfirm/5,美餐网,电子商务,a,数百万美元,KPCB 凯鹏华盈
"2012.7","张震,赵涛",http://itjuzi.com/investfirm/5,力美广告I-Media,广告营销,b,2000万美元,KPCB 凯鹏华盈
"2012.3","黄瑞晋,路昌基",http://itjuzi.com/investfirm/5,康圣环球,医疗健康,c,2000万美元,KPCB 凯鹏华盈
"2012.3","曹大容,宓群,郝玮",http://itjuzi.com/investfirm/5,融360,金融服务,a,700万美元,KPCB 凯鹏华盈
"2012.1",,http://itjuzi.com/investfirm/5,嘀嗒团,电子商务,b,数千万美元,KPCB 凯鹏华盈
"2011.12",,http://itjuzi.com/investfirm/5,多利农庄,电子商务,b,18000万人民币,KPCB 凯鹏华盈
"2011.12",,http://itjuzi.com/investfirm/5,花瓣网/纬聚网络,SNS社交网络,a,数百万美元,KPCB 凯鹏华盈
"2011.1",,http://itjuzi.com/investfirm/5,鲜果网/鲜果联播,媒体资讯,b,800万美元,KPCB 凯鹏华盈
"2011.1",,http://itjuzi.com/investfirm/5,宜信,金融服务,b,数千万美元,KPCB 凯鹏华盈
"2014.9",,http://itjuzi.com/investfirm/2,铜板街,金融服务,b,5000万美元,IDG资本
"2014.8",,http://itjuzi.com/investfirm/2,零零无限科技,电子硬件,a,数百万美元,IDG资本
"2014.8",,http://itjuzi.com/investfirm/2,量子频道/量视网络,多媒体娱乐,angel,数百万人民币,IDG资本
"2014.8",,http://itjuzi.com/investfirm/2,美啦美妆/品汇科技,消费生活,b,2000万美元,IDG资本
"2014.8",,http://itjuzi.com/investfirm/2,会小二/云动数字,企业服务,a,数千万人民币,IDG资本
"2014.8",,http://itjuzi.com/investfirm/2,贝贝网/米折网,电子商务,a,15000万人民币,IDG资本
"2014.8",,http://itjuzi.com/investfirm/2,橄榄公社APP,移动互联网,a,1000万人民币,IDG资本
"2014.8",,http://itjuzi.com/investfirm/2,Everstring万维思源,企业服务,a,1200万美元,IDG资本
"2014.8",,http://itjuzi.com/investfirm/2,脉脉/淘友,移动互联网,b,2000万美元,IDG资本
"2014.8",,http://itjuzi.com/investfirm/1,Everstring万维思源,企业服务,a,1200万美元,红杉资本中国
"2014.8",,http://itjuzi.com/investfirm/1,哈哈拼车,汽车交通,b,数千万美元,红杉资本中国
"2014.8",,http://itjuzi.com/investfirm/1,手机贷/上海前隆金融,金融服务,a,数百万美元,红杉资本中国
"2014.7",,http://itjuzi.com/investfirm/1,小荷特卖/蓝色互动,电子商务,a,数百万美元,红杉资本中国
"2014.7",,http://itjuzi.com/investfirm/1,礼物说/贴贴科技,电子商务,angel,数百万人民币,红杉资本中国
"2014.7",,http://itjuzi.com/investfirm/1,1006.tv/试玩网,游戏动漫,b,数千万美元,红杉资本中国
"2014.7",,http://itjuzi.com/investfirm/1,融360,金融服务,c,6000万美元,红杉资本中国
"2014.7",,http://itjuzi.com/investfirm/1,南京零号线,电子商务,a,数百万美元,红杉资本中国
"2014.7",,http://itjuzi.com/investfirm/1,到喜啦婚宴网,电子商务,b,数千万美元,红杉资本中国
"2014.7",,http://itjuzi.com/investfirm/1,贴贴科技/贴贴明信片,SNS社交网络,angel,数百万人民币,红杉资本中国
"2014.7",,http://itjuzi.com/investfirm/1,销售易/仁科互动,企业服务,b,数百万美元,红杉资本中国
"2014.7",,http://itjuzi.com/investfirm/1,ImbaTV,多媒体娱乐,a,未透露人民币,红杉资本中国
"2012.7",,http://itjuzi.com/investfirm/7,路口lookle,移动互联网,a,数百万人民币,经纬中国
"2012.6",,http://itjuzi.com/investfirm/7,你画我猜/优哉游哉网络,游戏动漫,a,数百万人民币,经纬中国
"2012.6","茹海波,黎竹岩",http://itjuzi.com/investfirm/7,36氪36Kr,媒体资讯,a,数百万人民币,经纬中国
"2012.5",,http://itjuzi.com/investfirm/7,蝉游记,旅游户外,angel,数百万人民币,经纬中国
"2012.4",,http://itjuzi.com/investfirm/7,品果科技/Camera360,移动互联网,a,数百万美元,经纬中国
"2012.4","张颖,童玮亮",http://itjuzi.com/investfirm/7,Camera360/相机360,移动互联网,a,数千万人民币,经纬中国
"2012.4",王华东,http://itjuzi.com/investfirm/7,口袋购物,电子商务,a,1200万美元,经纬中国
"2012.3","茹海波,牛立雄",http://itjuzi.com/investfirm/7,e代驾,汽车交通,angel,数百万人民币,经纬中国
"2012.3",王华东,http://itjuzi.com/investfirm/7,艾格拉斯科技EGLS,游戏动漫,a,数百万美元,经纬中国
"2012.2",,http://itjuzi.com/investfirm/7,四叶新媒体/Clover,移动互联网,a,数百万人民币,经纬中国
"2012.1",,http://itjuzi.com/investfirm/7,OneAPM/蓝海讯通,企业服务,a,数百万美元,经纬中国
"2012.1",,http://itjuzi.com/investfirm/7,合合信息/名片全能王,移动互联网,b,数千万人民币,经纬中国
"2014.1",赖晓凌,http://itjuzi.com/investfirm/3,VIPKID少儿英语/大米科技,教育培训,angel,数百万人民币,创新工场
"2014.1",胡博予,http://itjuzi.com/investfirm/3,豌豆荚,移动互联网,b,12000万美元,创新工场
"2013.12",,http://itjuzi.com/investfirm/3,薇蜜,移动互联网,angel,数百万人民币,创新工场
"2013.11",,http://itjuzi.com/investfirm/3,墨迹天气,工具软件,c,数千万人民币,创新工场
"2013.11",,http://itjuzi.com/investfirm/3,Windroy/文安卓立科技,移动互联网,angel,数百万人民币,创新工场
"2013.11",,http://itjuzi.com/investfirm/3,内推网,企业服务,angel,250万人民币,创新工场
"2013.1",,http://itjuzi.com/investfirm/3,萌姬乱舞/亿虎乐游,游戏动漫,angel,数百万人民币,创新工场
"2013.1",,http://itjuzi.com/investfirm/3,KnewOne牛玩/知新创想,电子硬件,a,数百万人民币,创新工场
"2013.1",,http://itjuzi.com/investfirm/3,小影/杭州趣维科技,移动互联网,angel,500万人民币,创新工场
"2013.1",邱浩,http://itjuzi.com/investfirm/3,极路由HiWiFi/极科极客科技,电子硬件,a,数千万美元,创新工场
"2013.9",,http://itjuzi.com/investfirm/3,灵羽天下科技/全宇宙音乐激战,游戏动漫,angel,数百万人民币,创新工场
"2014.1",,http://itjuzi.com/investfirm/4,FitTime睿健时代,消费生活,angel,数百万人民币,真格基金
"2014.1",徐小平,http://itjuzi.com/investfirm/4,蜜芽宝贝,电子商务,a,数百万美元,真格基金
"2014.1",,http://itjuzi.com/investfirm/4,彼岸/孝贤堂,其他,angel,数百万人民币,真格基金
"2014.1",,http://itjuzi.com/investfirm/4,Knewbi知趣网,电子硬件,angel,数百万人民币,真格基金
"2014.1",,http://itjuzi.com/investfirm/4,芥末堆/颉墨科技,教育培训,angel,数百万人民币,真格基金
"2013.12",,http://itjuzi.com/investfirm/4,优车诚品,汽车交通,angel,数百万人民币,真格基金
"2013.11",,http://itjuzi.com/investfirm/4,大家汇/家长信,教育培训,angel,数百万人民币,真格基金
"2013.11",徐小平,http://itjuzi.com/investfirm/4,火币网,金融服务,angel,数百万人民币,真格基金
"2013.1",,http://itjuzi.com/investfirm/4,超级课程表,移动互联网,a,1000万人民币,真格基金
"2013.1",徐小平,http://itjuzi.com/investfirm/4,小红书/行吟科技,旅游户外,angel,数百万人民币,真格基金
"2013.9","徐小平,王强,雷军",http://itjuzi.com/investfirm/4,一起作业网,教育培训,b,1000万美元,真格基金
"2011.1",周炜,http://itjuzi.com/investfirm/5,秒针系统,广告营销,b,2000万美元,KPCB 凯鹏华盈
"2011.8",,http://itjuzi.com/investfirm/5,瑞尔齿科,医疗健康,b,2000万美元,KPCB 凯鹏华盈
"2011.8",,http://itjuzi.com/investfirm/5,走秀网,电子商务,b,10000万美元,KPCB 凯鹏华盈
"2011.8","李开复,周炜",http://itjuzi.com/investfirm/5,涂鸦移动Doodle Mobile,游戏动漫,a,1000万美元,KPCB 凯鹏华盈
"2011.6",周炜,http://itjuzi.com/investfirm/5,满座网,电子商务,b,数千万美元,KPCB 凯鹏华盈
"2011.6",,http://itjuzi.com/investfirm/5,快地产,房产酒店,a,数百万美元,KPCB 凯鹏华盈
"2011.3",,http://itjuzi.com/investfirm/5,走秀网,电子商务,a,2000万美元,KPCB 凯鹏华盈
"2011.2",,http://itjuzi.com/investfirm/5,XY游戏/恺英网络,游戏动漫,b,1500万美元,KPCB 凯鹏华盈
"2011.2",汝林琪,http://itjuzi.com/investfirm/5,出口易,电子商务,a,400万美元,KPCB 凯鹏华盈
"2010.9",周炜,http://itjuzi.com/investfirm/5,满座网,电子商务,a,1000万美元,KPCB 凯鹏华盈
"2014.8","李丰,王淮",http://itjuzi.com/investfirm/2,杭州同盾科技FraudMetrix,金融服务,a,1000万美元,IDG资本
"2014.8",,http://itjuzi.com/investfirm/2,中粮我买网,电子商务,b,10000万美元,IDG资本
"2014.8",,http://itjuzi.com/investfirm/2,Testin云测网络,移动互联网,b,数千万美元,IDG资本
"2014.7",,http://itjuzi.com/investfirm/2,骡迹智慧物流/北京运科网络,电子商务,a,300万美元,IDG资本
"2014.7",,http://itjuzi.com/investfirm/2,共鸣科技,金融服务,a,1000万美元,IDG资本
"2014.7",,http://itjuzi.com/investfirm/2,Wecash闪银奇异科技,金融服务,a,4000万人民币,IDG资本
"2014.7",,http://itjuzi.com/investfirm/2,Teambition/上海汇翼科技 ,企业服务,b,数百万美元,IDG资本
"2014.7",,http://itjuzi.com/investfirm/2,Sobrr,移动互联网,angel,数百万美元,IDG资本
"2014.6",,http://itjuzi.com/investfirm/1,懂球帝,文化艺术体育,a,数百万美元,红杉资本中国
"2014.6",,http://itjuzi.com/investfirm/1,HeyJuice和聚网络,电子商务,a,数百万美元,红杉资本中国
"2014.6",,http://itjuzi.com/investfirm/1,UnitedStack优思得,企业服务,a,1500万美元,红杉资本中国
"2014.6",,http://itjuzi.com/investfirm/1,DeepGlint格灵深瞳,企业服务,a,数千万美元,红杉资本中国
"2014.6",,http://itjuzi.com/investfirm/1,WeLab我来贷,金融服务,a,1400万美元,红杉资本中国
"2014.6",,http://itjuzi.com/investfirm/1,WeLend/WeLab我来贷,金融服务,a,1400万美元,红杉资本中国
"2014.6",,http://itjuzi.com/investfirm/1,盛诺一家,医疗健康,a,1000万人民币,红杉资本中国
"2014.6",,http://itjuzi.com/investfirm/1,大姨吗,医疗健康,c,3000万美元,红杉资本中国
"2014.6",,http://itjuzi.com/investfirm/1,头条网/今日头条,媒体资讯,c,10000万美元,红杉资本中国
"2014.6",,http://itjuzi.com/investfirm/1,PP租车/爱车汇,汽车交通,a,1000万美元,红杉资本中国
"2014.6",,http://itjuzi.com/investfirm/1,超级课程表,移动互联网,b,数千万美元,红杉资本中国
"2014.5",,http://itjuzi.com/investfirm/1,乐乐达/飞享锋翼,移动互联网,a,数千万美元,红杉资本中国
"2014.5",,http://itjuzi.com/investfirm/1,App Annie,移动互联网,preipo,1700万美元,红杉资本中国
"2014.5",,http://itjuzi.com/investfirm/1,蜜芽宝贝,电子商务,b,2000万美元,红杉资本中国
"2012.1",,http://itjuzi.com/investfirm/7,睿医i-MD,医疗健康,a,数百万美元,经纬中国
"2012.1","姜志熹,王啸",http://itjuzi.com/investfirm/7,91金融超市,金融服务,angel,数百万人民币,经纬中国
"2012.1",,http://itjuzi.com/investfirm/7,Blueware蓝海讯通,企业服务,a,数百万美元,经纬中国
"2012.1",,http://itjuzi.com/investfirm/7,久通网/人脉通,移动互联网,angel,数百万人民币,经纬中国
"2012.1",,http://itjuzi.com/investfirm/7,瓦力网络/资费通,移动互联网,b,数百万美元,经纬中国
"2012.1",,http://itjuzi.com/investfirm/7,爱图购/in/九言科技,电子商务,angel,数百万人民币,经纬中国
"2013.9",,http://itjuzi.com/investfirm/3,Dnurse糖护士/糖护科技,医疗健康,angel,300万人民币,创新工场
"2013.8",,http://itjuzi.com/investfirm/3,学霸君/问吧科技,教育培训,angel,数百万人民币,创新工场
"2013.8",张亮,http://itjuzi.com/investfirm/3,小丑出品/灿若星辰科技,多媒体娱乐,angel,数百万人民币,创新工场
"2013.8",,http://itjuzi.com/investfirm/3,快简历/极客优才,企业服务,angel,数百万人民币,创新工场
"2013.8",,http://itjuzi.com/investfirm/3,票工厂/峰景网联,旅游户外,angel,数百万人民币,创新工场
"2013.7",,http://itjuzi.com/investfirm/3,Face++/旷视科技,工具软件,a,数百万美元,创新工场
"2013.5",,http://itjuzi.com/investfirm/3,微猫/微麦电子商务,电子商务,angel,未透露人民币,创新工场
"2013.5",,http://itjuzi.com/investfirm/3,战歌online/战歌世纪科技,游戏动漫,angel,数百万人民币,创新工场
"2013.4",,http://itjuzi.com/investfirm/3,Strikingly,工具软件,angel,150万美元,创新工场
"2013.9",,http://itjuzi.com/investfirm/4,畅游云端GwebTop,游戏动漫,angel,数百万人民币,真格基金
"2013.9",,http://itjuzi.com/investfirm/4,速来招工网/速来网,企业服务,angel,数百万人民币,真格基金
"2013.8",,http://itjuzi.com/investfirm/4,拉勾网,企业服务,angel,数百万人民币,真格基金
"2013.8",,http://itjuzi.com/investfirm/4,宣游网络/书剑三国,游戏动漫,angel,数百万人民币,真格基金
"2013.8",徐小平,http://itjuzi.com/investfirm/4,超级课程表,移动互联网,angel,数百万人民币,真格基金
"2013.8","徐小平,刘芹",http://itjuzi.com/investfirm/4,绿狗网,法律法务,a,1150万人民币,真格基金
"2013.6",,http://itjuzi.com/investfirm/4,快消总管/蔓藤网络,企业服务,angel,数百万人民币,真格基金
"2013.6","李祝捷,李论",http://itjuzi.com/investfirm/4,美灯会,电子商务,angel,数百万人民币,真格基金
"2013.6",,http://itjuzi.com/investfirm/4,车来了/元光科技,汽车交通,angel,数百万人民币,真格基金
"2013.6",,http://itjuzi.com/investfirm/4,优肯外教篮球,教育培训,a,数百万人民币,真格基金
"2013.6",,http://itjuzi.com/investfirm/4,微步/蔓藤网络,企业服务,angel,数百万人民币,真格基金
"2010.4",,http://itjuzi.com/investfirm/5,宜信,金融服务,a,1000万美元,KPCB 凯鹏华盈
"2010.3",,http://itjuzi.com/investfirm/5,敦煌网DHgate,电子商务,c,3000万美元,KPCB 凯鹏华盈
"2010.1",,http://itjuzi.com/investfirm/5,瑞尔齿科,医疗健康,a,2000万美元,KPCB 凯鹏华盈
"2010.1",,http://itjuzi.com/investfirm/5,Madhouse亿动广告传媒,广告营销,b,数千万美元,KPCB 凯鹏华盈
"2009.11",,http://itjuzi.com/investfirm/5,XY游戏/恺英网络,游戏动漫,a,数百万美元,KPCB 凯鹏华盈
"2008.1",,http://itjuzi.com/investfirm/5,敦煌网DHgate,电子商务,b,数千万美元,KPCB 凯鹏华盈
"2006.1",,http://itjuzi.com/investfirm/5,高德,其他,a,4000万美元,KPCB 凯鹏华盈
"2006.7",曹大容,http://itjuzi.com/investfirm/5,V卡优惠/银河传媒,移动互联网,b,1000万美元,KPCB 凯鹏华盈
"2006.1",,http://itjuzi.com/investfirm/5,敦煌网DHgate,电子商务,a,数百万美元,KPCB 凯鹏华盈
"2005.8",,http://itjuzi.com/investfirm/5,易查搜索,搜索引擎,a,数百万美元,KPCB 凯鹏华盈
"2005.7",,http://itjuzi.com/investfirm/5,V卡优惠/银河传媒,移动互联网,a,数百万美元,KPCB 凯鹏华盈
"2014.7",,http://itjuzi.com/investfirm/2,TimeSchool时光校园/Chogic旗禾科技,SNS社交网络,angel,数百万人民币,IDG资本
"2014.7",,http://itjuzi.com/investfirm/2,站酷网Zcool,多媒体娱乐,a,数百万美元,IDG资本
"2014.7",,http://itjuzi.com/investfirm/2,Coding扣钉网络,工具软件,a,1000万人民币,IDG资本
"2014.7",,http://itjuzi.com/investfirm/2,河狸家美甲,消费生活,a,3000万人民币,IDG资本
"2014.7",,http://itjuzi.com/investfirm/2,猿题库,教育培训,c,1500万美元,IDG资本
"2014.7",黎瑞刚,http://itjuzi.com/investfirm/2,寺库网,电子商务,preipo,10000万美元,IDG资本
"2014.7",,http://itjuzi.com/investfirm/2,淘喜猫,消费生活,angel,数百万人民币,IDG资本
"2014.7",,http://itjuzi.com/investfirm/2,MYOTee脸萌,移动互联网,a,1000万人民币,IDG资本
"2014.7",,http://itjuzi.com/investfirm/2,Facishare纷享科技,企业服务,b,1000万美元,IDG资本
"2014.7",,http://itjuzi.com/investfirm/2,纷享销客/易动纷享科技,企业服务,b,1000万美元,IDG资本
"2014.6",,http://itjuzi.com/investfirm/2,EasyWed易结网/吉石卉,消费生活,a,数百万美元,IDG资本
"2014.6",,http://itjuzi.com/investfirm/2,UnitedStack优思得,企业服务,a,1500万美元,IDG资本
"2014.6",,http://itjuzi.com/investfirm/2,JPush极光推送,移动互联网,a,数百万美元,IDG资本
"2014.5",,http://itjuzi.com/investfirm/1,金斧子,金融服务,a,1000万美元,红杉资本中国
"2014.5",,http://itjuzi.com/investfirm/1,金融港/滚雪球财富,金融服务,a,1000万美元,红杉资本中国
"2014.5",,http://itjuzi.com/investfirm/1,杭州数云/华院数云,企业服务,b,数千万人民币,红杉资本中国
"2014.5",,http://itjuzi.com/investfirm/1,美团网,电子商务,c,30000万美元,红杉资本中国
"2014.4",,http://itjuzi.com/investfirm/1,陌陌,移动互联网,preipo,18675万美元,红杉资本中国
"2014.4",曹毅,http://itjuzi.com/investfirm/1,水滴宝宝/水滴在线,移动互联网,a,数百万美元,红杉资本中国
"2014.4",,http://itjuzi.com/investfirm/1,Trippy,移动互联网,a,350万美元,红杉资本中国
"2014.4",,http://itjuzi.com/investfirm/1,牛车网,汽车交通,a,500万美元,红杉资本中国
"2014.4",,http://itjuzi.com/investfirm/1,酒仙网,电子商务,preipo,42500万人民币,红杉资本中国
"2014.4",,http://itjuzi.com/investfirm/1,拍拍贷,金融服务,b,数千万美元,红杉资本中国
"2014.3",,http://itjuzi.com/investfirm/1,完美诊所/更美,医疗健康,a,数百万美元,红杉资本中国
"2014.3",,http://itjuzi.com/investfirm/1,深圳小满科技,企业服务,a,数百万美元,红杉资本中国
"2014.3",,http://itjuzi.com/investfirm/1,北京环球佳平医疗,医疗健康,a,数千万美元,红杉资本中国
"2014.3",,http://itjuzi.com/investfirm/1,锦云外贸管理专家/锦云CRM/小满科技,企业服务,a,数百万美元,红杉资本中国
"2012.1",庄明浩,http://itjuzi.com/investfirm/7,波波网,消费生活,a,数百万人民币,经纬中国
"2011.12",,http://itjuzi.com/investfirm/7,NOP吾诺普科技,电子商务,a,数百万美元,经纬中国
"2011.12","万浩基,王华东",http://itjuzi.com/investfirm/7,陌陌,移动互联网,a,250万美元,经纬中国
"2011.12",,http://itjuzi.com/investfirm/7,荔枝FM/一把伞网络,移动互联网,b,1000万美元,经纬中国
"2011.12",,http://itjuzi.com/investfirm/7,航班管家/高铁管家,汽车交通,b,1500万美元,经纬中国
"2011.12",,http://itjuzi.com/investfirm/7,活力天汇,移动互联网,b,1500万美元,经纬中国
"2011.12",,http://itjuzi.com/investfirm/7,股票雷达,金融服务,a,数百万美元,经纬中国
"2013.3",,http://itjuzi.com/investfirm/3,SeedMail/红树岛科技,工具软件,angel,数百万人民币,创新工场
"2013.1",,http://itjuzi.com/investfirm/3,易遨科技,房产酒店,a,未透露人民币,创新工场
"2013.1",,http://itjuzi.com/investfirm/3,食遇/时创互动,消费生活,angel,数百万人民币,创新工场
"2013.1",,http://itjuzi.com/investfirm/3,成都七游科技,游戏动漫,a,数百万人民币,创新工场
"2013.1",,http://itjuzi.com/investfirm/3,爱聊超级网络电话,移动互联网,angel,数百万人民币,创新工场
"2013.1",,http://itjuzi.com/investfirm/3,优才网/优才创智科技,教育培训,angel,数百万人民币,创新工场
"2013.1",吴峰,http://itjuzi.com/investfirm/3,快牙/邻动网络DewMobile,移动互联网,a,数百万美元,创新工场
"2013.1",,http://itjuzi.com/investfirm/3,暴走漫画/摩摩信息,游戏动漫,b,数千万人民币,创新工场
"2013.1",,http://itjuzi.com/investfirm/3,蜻蜓FM,多媒体娱乐,a,200万美元,创新工场
"2012.12",,http://itjuzi.com/investfirm/3,智明星通ELEX,游戏动漫,b,数百万美元,创新工场
"2012.1",,http://itjuzi.com/investfirm/3,敢聊/上海儒果网络,移动互联网,a,数百万美元,创新工场
"2013.6",,http://itjuzi.com/investfirm/4,玩途Hitour/北京欢途智行,旅游户外,angel,数百万人民币,真格基金
"2013.6",,http://itjuzi.com/investfirm/4,锦云外贸管理专家/锦云CRM/小满科技,企业服务,angel,数百万人民币,真格基金
"2013.6",顾旻曼,http://itjuzi.com/investfirm/4,我赢职场,教育培训,angel,数百万人民币,真格基金
"2013.4","徐小平,沈劲",http://itjuzi.com/investfirm/4,厦门神州鹰,企业服务,a,420万美元,真格基金
"2013.4","方爱之,顾旻曼,龙宇",http://itjuzi.com/investfirm/4,大姨吗,医疗健康,a,数百万美元,真格基金
"2013.4",徐小平,http://itjuzi.com/investfirm/4,DeepGlint格灵深瞳,企业服务,angel,数百万人民币,真格基金
"2013.4",方爱之,http://itjuzi.com/investfirm/4,达人工,电子商务,angel,100万美元,真格基金
"2013.3",,http://itjuzi.com/investfirm/4,耍大牌/四目信息科技,移动互联网,angel,数百万人民币,真格基金
"2013.3",,http://itjuzi.com/investfirm/4,Safy/四目信息,移动互联网,angel,数百万人民币,真格基金
"2013.2","徐小平,王晟",http://itjuzi.com/investfirm/4,Bookfaces似颜绘,移动互联网,angel,600万人民币,真格基金
"2013.2",徐小平,http://itjuzi.com/investfirm/4,SmarTots聪明多,教育培训,a,数百万美元,真格基金
"2004.12",,http://itjuzi.com/investfirm/5,阿里巴巴集团,电子商务,c,8200万美元,KPCB 凯鹏华盈
"2004.12","汝林琪,唐欣",http://itjuzi.com/investfirm/5,中天嘉华,金融服务,a,数百万美元,KPCB 凯鹏华盈
"2000.12",,http://itjuzi.com/investfirm/5,阿里巴巴集团,电子商务,b,2000万美元,KPCB 凯鹏华盈
"2014.6",李丰,http://itjuzi.com/investfirm/2,好巧网,房产酒店,a,数百万美元,IDG资本
"2014.6",,http://itjuzi.com/investfirm/2,追光动画,游戏动漫,b,2000万美元,IDG资本
"2014.6",张震,http://itjuzi.com/investfirm/2,蘑菇街,电子商务,preipo,20000万美元,IDG资本
"2014.6",吴峰,http://itjuzi.com/investfirm/2,快牙/邻动网络DewMobile,移动互联网,b,2000万美元,IDG资本
"2014.6",赵涛,http://itjuzi.com/investfirm/2,米折网,电子商务,b,3000万美元,IDG资本
"2014.6",,http://itjuzi.com/investfirm/2,PP租车/爱车汇,汽车交通,a,1000万美元,IDG资本
"2014.5",李丰,http://itjuzi.com/investfirm/2,野糖网/北京哲彦网络,电子商务,angel,数百万人民币,IDG资本
"2014.5",,http://itjuzi.com/investfirm/2,玩途Hitour/北京欢途智行,旅游户外,a,数百万美元,IDG资本
"2014.3",,http://itjuzi.com/investfirm/1,买卖宝/大Q手机,电子商务,preipo,10000万美元,红杉资本中国
"2014.3",,http://itjuzi.com/investfirm/1,火币网,金融服务,a,数百万美元,红杉资本中国
"2014.2","周逵,左凌烨",http://itjuzi.com/investfirm/1,土巴兔装修网,消费生活,b,10000万人民币,红杉资本中国
"2014.2",,http://itjuzi.com/investfirm/1,车易拍/北京巅峰科技,汽车交通,c,5000万美元,红杉资本中国
"2014.2",,http://itjuzi.com/investfirm/1,Mobvoi羽扇智/出门问问,移动互联网,b,数千万美元,红杉资本中国
"2014.2",,http://itjuzi.com/investfirm/1,出门问问,移动互联网,b,数千万美元,红杉资本中国
"2014.1",,http://itjuzi.com/investfirm/1,南京鹏云网络,企业服务,a,数千万美元,红杉资本中国
"2014.1",,http://itjuzi.com/investfirm/1,鑫银国际,金融服务,a,未透露人民币,红杉资本中国
"2014.1",,http://itjuzi.com/investfirm/1,经纶天下,游戏动漫,angel,数百万人民币,红杉资本中国
"2014.1",,http://itjuzi.com/investfirm/1,伙伴网/伙伴聚力,企业服务,a,数百万美元,红杉资本中国
"2011.11",黄云刚,http://itjuzi.com/investfirm/7,猎聘网,企业服务,a,数百万美元,经纬中国
"2011.1",,http://itjuzi.com/investfirm/7,试玩网,游戏动漫,angel,数百万人民币,经纬中国
"2011.1",,http://itjuzi.com/investfirm/7,1006.tv/试玩网,游戏动漫,angel,数百万人民币,经纬中国
"2011.1",左凌烨,http://itjuzi.com/investfirm/7,土巴兔装修网,消费生活,angel,数百万人民币,经纬中国
"2011.1",,http://itjuzi.com/investfirm/7,七牛云存储,企业服务,a,数百万人民币,经纬中国
"2011.1",,http://itjuzi.com/investfirm/7,先智创科,金融服务,a,数百万人民币,经纬中国
"2011.9",刘宇环,http://itjuzi.com/investfirm/7,SNSPlus好玩家,游戏动漫,a,1220万美元,经纬中国
"2011.9",,http://itjuzi.com/investfirm/7,租租车,汽车交通,angel,1000万人民币,经纬中国
"2011.8",张颖,http://itjuzi.com/investfirm/7,猎豹安全浏览器/金山网络,移动互联网,a,1860万美元,经纬中国
"2011.8","万浩基,王华东,郑刚",http://itjuzi.com/investfirm/7,陌陌,移动互联网,angel,数百万人民币,经纬中国
"2011.8",,http://itjuzi.com/investfirm/7,海豚浏览器/百纳信息,移动互联网,a,1000万美元,经纬中国
"2011.7",,http://itjuzi.com/investfirm/7,iApp4Me/上海泰尼网络,移动互联网,angel,数百万人民币,经纬中国
"2011.7",王华东,http://itjuzi.com/investfirm/7,友盟,移动互联网,a,1000万美元,经纬中国
"2011.6",,http://itjuzi.com/investfirm/7,裂帛,电子商务,a,1000万美元,经纬中国
"2012.1",,http://itjuzi.com/investfirm/3,麻麻帮/麻麻跳蚤街,SNS社交网络,angel,未透露美元,创新工场
"2012.1",,http://itjuzi.com/investfirm/3,安全宝,工具软件,b,数千万美元,创新工场
"2012.1",王啸,http://itjuzi.com/investfirm/3,爱唱/众智创世科技,移动互联网,angel,数百万人民币,创新工场
"2012.8",,http://itjuzi.com/investfirm/3,路况电台/众联智领科技,汽车交通,angel,未透露人民币,创新工场
"2013.1",李祝捷,http://itjuzi.com/investfirm/4,淘当铺,电子商务,angel,数百万人民币,真格基金
"2013.1",吴旦,http://itjuzi.com/investfirm/4,极致迅游/金庸侠客行,游戏动漫,angel,数百万人民币,真格基金
"2013.1",,http://itjuzi.com/investfirm/4,哆啦宝,金融服务,angel,数百万人民币,真格基金
"2013.1",,http://itjuzi.com/investfirm/4,凯奇谷游戏/超级英雄,游戏动漫,angel,数百万人民币,真格基金
"2013.1",,http://itjuzi.com/investfirm/4,做到/一朵云科技,电子商务,angel,数百万人民币,真格基金
"2013.1",,http://itjuzi.com/investfirm/4,维果清VCLEANSE,医疗健康,angel,数百万人民币,真格基金
"2013.1",徐小平,http://itjuzi.com/investfirm/4,南京乾乾信息科技/唐猫,电子商务,angel,数百万人民币,真格基金
"2013.1",徐小平,http://itjuzi.com/investfirm/4,片片/原子互动,移动互联网,angel,数十万美元,真格基金
"2013.1",徐小平,http://itjuzi.com/investfirm/4,某某/原子互动,移动互联网,angel,数十万美元,真格基金
"2013.1","徐小平,薛蛮子",http://itjuzi.com/investfirm/4,91外教网,教育培训,angel,数百万人民币,真格基金
"2014.5",毛丞宇,http://itjuzi.com/investfirm/2,维金VFinance,金融服务,a,未透露美元,IDG资本
"2014.5",,http://itjuzi.com/investfirm/2,App Annie,移动互联网,preipo,1700万美元,IDG资本
"2014.5",,http://itjuzi.com/investfirm/2,爱考拉/知学友邦,教育培训,a,1000万人民币,IDG资本
"2014.5",,http://itjuzi.com/investfirm/2,昆仑决/昆尚传媒,文化艺术体育,a,1000万美元,IDG资本
"2014.5",,http://itjuzi.com/investfirm/2,Roseonly专爱花店,电子商务,c,数千万美元,IDG资本
"2014.4",,http://itjuzi.com/investfirm/2,河狸家美甲,消费生活,angel,数百万人民币,IDG资本
"2014.4",,http://itjuzi.com/investfirm/2,猎上网HunterOn,企业服务,a,1000万美元,IDG资本
"2014.4",,http://itjuzi.com/investfirm/2,迅雷网络,多媒体娱乐,preipo,31000万美元,IDG资本
"2014.3",,http://itjuzi.com/investfirm/2,达令礼物店,电子商务,a,数百万美元,IDG资本
"2014.3",,http://itjuzi.com/investfirm/2,Ymall.com达令礼物店/普缇客,电子商务,a,未透露人民币,IDG资本
"2014.3",,http://itjuzi.com/investfirm/2,侠特科技,电子商务,a,数百万美元,IDG资本
"2014.1",,http://itjuzi.com/investfirm/1,MadeiraCloud麦德云,企业服务,a,数百万美元,红杉资本中国
"2014.1",,http://itjuzi.com/investfirm/1,拓词toWords/六月花兄弟软件,教育培训,a,数百万美元,红杉资本中国
"2014.1",,http://itjuzi.com/investfirm/1,ANE安能物流,其他,b,数千万美元,红杉资本中国
"2014.1",,http://itjuzi.com/investfirm/1,百达屋,消费生活,a,数百万美元,红杉资本中国
"2013.12",,http://itjuzi.com/investfirm/1,快用苹果助手/悠然天地,移动互联网,b,数百万美元,红杉资本中国
"2013.12",,http://itjuzi.com/investfirm/1,找钢网,电子商务,c,3480万美元,红杉资本中国
"2013.11",,http://itjuzi.com/investfirm/1,容联云通讯/容联易通,移动互联网,a,400万美元,红杉资本中国
"2013.11",丛真,http://itjuzi.com/investfirm/1,饿了么/订奶茶,电子商务,c,2500万美元,红杉资本中国
"2013.1",,http://itjuzi.com/investfirm/1,超级课程表,移动互联网,a,1000万人民币,红杉资本中国
"2013.1",,http://itjuzi.com/investfirm/1,触控科技CocoaChina,游戏动漫,preipo,5000万美元,红杉资本中国
"2013.1",,http://itjuzi.com/investfirm/1,Broadlink古北电子,电子硬件,angel,30万美元,红杉资本中国
"2011.5",,http://itjuzi.com/investfirm/7,YOKA时尚网,媒体资讯,b,数千万美元,经纬中国
"2011.5",,http://itjuzi.com/investfirm/7,微格互动,移动互联网,a,数百万人民币,经纬中国
"2011.4",,http://itjuzi.com/investfirm/7,Hers爱物网,电子商务,a,数千万人民币,经纬中国
"2011.4",,http://itjuzi.com/investfirm/7,品果科技/Camera360,移动互联网,angel,数百万人民币,经纬中国
"2011.3",汤和松,http://itjuzi.com/investfirm/7,安居客,房产酒店,preipo,5000万美元,经纬中国
"2011.3",,http://itjuzi.com/investfirm/7,俏物悄语,电子商务,b,4300万美元,经纬中国
"2011.2",,http://itjuzi.com/investfirm/7,XY游戏/恺英网络,游戏动漫,b,1500万美元,经纬中国
"2011.2",,http://itjuzi.com/investfirm/7,AdSame传漾科技,广告营销,b,2000万美元,经纬中国
"2012.4",李开复,http://itjuzi.com/investfirm/3,美味书签/AVOS,工具软件,angel,数百万人民币,创新工场
"2012.4",李开复,http://itjuzi.com/investfirm/3,品味汇TasteV,电子商务,angel,数百万人民币,创新工场
"2012.2",,http://itjuzi.com/investfirm/3,应用汇,移动互联网,a,4000万人民币,创新工场
"2012.1",,http://itjuzi.com/investfirm/3,哈哈拼车,汽车交通,a,数百万美元,创新工场
"2012.1",,http://itjuzi.com/investfirm/3,古墓猎人/展程科技,游戏动漫,a,数百万美元,创新工场
"2012.1",,http://itjuzi.com/investfirm/3,车品汇/帅莱,汽车交通,a,数百万美元,创新工场
"2012.1",,http://itjuzi.com/investfirm/3,秘密/亿诺无限,移动互联网,angel,数百万人民币,创新工场
"2012.1",,http://itjuzi.com/investfirm/3,甜瓜在线/拽绳子,游戏动漫,a,数百万美元,创新工场
"2012.1",,http://itjuzi.com/investfirm/3,KittShop/北京网图创新,电子商务,angel,数百万人民币,创新工场
"2012.1",,http://itjuzi.com/investfirm/3,脉搏网/37degree,SNS社交网络,a,数百万美元,创新工场
"2012.1",,http://itjuzi.com/investfirm/3,37degree/乐享天下,SNS社交网络,a,数百万美元,创新工场
"2012.1",,http://itjuzi.com/investfirm/3,上网快鸟/晨风云,移动互联网,angel,数十万美元,创新工场
"2011.12",,http://itjuzi.com/investfirm/3,同趣游戏,游戏动漫,angel,数百万人民币,创新工场
"2013.1","徐小平,丁纯",http://itjuzi.com/investfirm/4,Everstring万维思源,企业服务,a,160万美元,真格基金
"2012.12",,http://itjuzi.com/investfirm/4,哪上班,企业服务,angel,未透露人民币,真格基金
"2012.12",徐小平,http://itjuzi.com/investfirm/4,上海冰格网络,游戏动漫,angel,数百万美元,真格基金
"2012.12","徐小平,王啸",http://itjuzi.com/investfirm/4,启明眼镜,电子商务,angel,数百万人民币,真格基金
"2012.12",,http://itjuzi.com/investfirm/4,PosPal银豹收银系统,金融服务,a,数百万美元,真格基金
"2012.11","徐小平,沈劲",http://itjuzi.com/investfirm/4,厦门神州鹰,企业服务,angel,400万人民币,真格基金
"2012.1",,http://itjuzi.com/investfirm/4,84WIFI智帮众达,多媒体娱乐,angel,数百万人民币,真格基金
"2012.1",,http://itjuzi.com/investfirm/4,出门问问,移动互联网,angel,数百万人民币,真格基金
"2014.3",,http://itjuzi.com/investfirm/2,Sevenga游戏/毅诚科技,游戏动漫,angel,未透露人民币,IDG资本
"2014.3",,http://itjuzi.com/investfirm/2,饭本,消费生活,b,700万美元,IDG资本
"2014.2",,http://itjuzi.com/investfirm/2,蘑菇公寓,房产酒店,a,数千万人民币,IDG资本
"2014.2",,http://itjuzi.com/investfirm/2,网利宝/网利金融,金融服务,a,1000万美元,IDG资本
"2014.2",,http://itjuzi.com/investfirm/2,茵曼INMAN/汇美服装,电子商务,a,数千万美元,IDG资本
"2014.2",雷军,http://itjuzi.com/investfirm/2,VANCL凡客诚品,电子商务,preipo,10000万美元,IDG资本
"2014.1",,http://itjuzi.com/investfirm/2,NTA创新传播/怪杰,广告营销,a,数百万美元,IDG资本
"2014.1",,http://itjuzi.com/investfirm/2,扇贝网/贝湾教育,教育培训,a,数百万美元,IDG资本
"2014.1",,http://itjuzi.com/investfirm/2,MoreTV电视猫/千杉网络,多媒体娱乐,a,数百万美元,IDG资本
"2013.9",,http://itjuzi.com/investfirm/1,大搜车,汽车交通,b,数千万美元,红杉资本中国
"2013.9",,http://itjuzi.com/investfirm/1,App Annie,移动互联网,c,1500万美元,红杉资本中国
"2013.9",曹毅,http://itjuzi.com/investfirm/1,卡牛/随手记,金融服务,a,数千万美元,红杉资本中国
"2013.9",,http://itjuzi.com/investfirm/1,途牛旅游网,旅游户外,preipo,6000万美元,红杉资本中国
"2013.9",,http://itjuzi.com/investfirm/1,大姨吗,医疗健康,b,数千万美元,红杉资本中国
"2013.8",,http://itjuzi.com/investfirm/1,销售易/仁科互动,企业服务,a,数百万美元,红杉资本中国
"2013.8",,http://itjuzi.com/investfirm/1,mo9先玩后付/祺拓,游戏动漫,b,数千万美元,红杉资本中国
"2013.7","曹大容,宓群,郝玮",http://itjuzi.com/investfirm/1,融360,金融服务,b,3000万美元,红杉资本中国
"2013.6",,http://itjuzi.com/investfirm/1,Mobvoi羽扇智/出门问问,移动互联网,a,数百万美元,红杉资本中国
"2013.6",,http://itjuzi.com/investfirm/1,出门问问,移动互联网,a,数百万美元,红杉资本中国
"2013.6","曹毅,张斐",http://itjuzi.com/investfirm/1,雪球财经,金融服务,b,1000万美元,红杉资本中国
"2011.1",,http://itjuzi.com/investfirm/7,牛排Niupai/简简单单,移动互联网,a,数百万美元,经纬中国
"2011.1",,http://itjuzi.com/investfirm/7,美丽约,移动互联网,a,数百万美元,经纬中国
"2011.1",,http://itjuzi.com/investfirm/7,Convenient Power,电子硬件,b,数千万美元,经纬中国
"2011.1",,http://itjuzi.com/investfirm/7,宝宝树,教育培训,b,数千万美元,经纬中国
"2011.1",王华东,http://itjuzi.com/investfirm/7,成都尼毕鲁科技Tap4Fun,游戏动漫,a,数百万美元,经纬中国
"2011.1",,http://itjuzi.com/investfirm/7,团800网,电子商务,a,数百万美元,经纬中国
"2011.1",,http://itjuzi.com/investfirm/7,百词斩/超有爱科技,教育培训,angel,数百万人民币,经纬中国
"2011.1",,http://itjuzi.com/investfirm/7,囧记单词/超有爱科技,教育培训,angel,数百万人民币,经纬中国
"2011.1",,http://itjuzi.com/investfirm/7,瓦力网络/资费通,移动互联网,a,数百万美元,经纬中国
"2011.1",,http://itjuzi.com/investfirm/7,爱拍原创/拍大师,多媒体娱乐,b,数百万美元,经纬中国
"2011.1",,http://itjuzi.com/investfirm/7,合合信息/名片全能王,移动互联网,a,数百万人民币,经纬中国
"2011.12",,http://itjuzi.com/investfirm/3,要出发旅行网/广州酷旅,旅游户外,angel,数百万人民币,创新工场
"2011.12","李开复,徐小平,薛蛮子",http://itjuzi.com/investfirm/3,创投圈,企业服务,angel,数百万人民币,创新工场
"2011.12","李开复,李嵩波",http://itjuzi.com/investfirm/3,乐啊科技,广告营销,a,1000万人民币,创新工场
"2011.12",,http://itjuzi.com/investfirm/3,磊友,游戏动漫,a,数千万美元,创新工场
"2011.1","李开复,蔡文胜",http://itjuzi.com/investfirm/3,同步推/同步网络,移动互联网,angel,数百万人民币,创新工场
"2011.1",李开复,http://itjuzi.com/investfirm/3,成都移花互动科技,移动互联网,angel,数百万人民币,创新工场
"2011.1",,http://itjuzi.com/investfirm/3,166工作室/纵横万维,移动互联网,angel,数百万人民币,创新工场
"2011.1",,http://itjuzi.com/investfirm/3,安全宝,工具软件,a,500万美元,创新工场
"2011.9",,http://itjuzi.com/investfirm/3,X6仙掌软件/仙掌游戏,游戏动漫,不明确,数百万美元,创新工场
"2011.9",,http://itjuzi.com/investfirm/3,乐豚Yippee Arts,教育培训,a,数百万美元,创新工场
"2012.1",徐小平,http://itjuzi.com/investfirm/4,爱车阵/好卡网络,汽车交通,angel,数百万人民币,真格基金
"2012.1",,http://itjuzi.com/investfirm/4,Mobvoi羽扇智/出门问问,移动互联网,angel,数百万美元,真格基金
"2012.8",徐小平,http://itjuzi.com/investfirm/4,八迪动漫单词,教育培训,angel,200万人民币,真格基金
"2012.7",徐小平,http://itjuzi.com/investfirm/4,返还网,电子商务,a,数百万美元,真格基金
"2012.6",徐小平,http://itjuzi.com/investfirm/4,拓词toWords/六月花兄弟软件,教育培训,angel,100万人民币,真格基金
"2012.6","方爱之,顾旻曼,庞小伟",http://itjuzi.com/investfirm/4,大姨吗,医疗健康,angel,数百万人民币,真格基金
"2012.5",王利杰,http://itjuzi.com/investfirm/4,节操精选,移动互联网,angel,数百万人民币,真格基金
"2012.5","徐小平,王利杰",http://itjuzi.com/investfirm/4,声声,移动互联网,angel,数百万人民币,真格基金
"2012.4","徐小平,李祝捷,刘晓松,吴鹰",http://itjuzi.com/investfirm/4,优曼家纺Umanto,电子商务,angel,数百万人民币,真格基金
"2012.4",徐小平,http://itjuzi.com/investfirm/4,第9课堂/第九课堂,教育培训,angel,100万美元,真格基金
"2012.4",,http://itjuzi.com/investfirm/4,摇摇招车,汽车交通,a,350万美元,真格基金
"2012.3",徐小平,http://itjuzi.com/investfirm/4,嘀嘀呜/车语,汽车交通,angel,数百万人民币,真格基金
"2014.1",,http://itjuzi.com/investfirm/2,为艺科技Wegenart,教育培训,angel,数百万人民币,IDG资本
"2014.1",李丰,http://itjuzi.com/investfirm/2,Pipe Of Insight,教育培训,angel,数百万人民币,IDG资本
"2014.1",李丰,http://itjuzi.com/investfirm/2,优问答/亚巴顿科技,教育培训,angel,数百万人民币,IDG资本
"2014.1",,http://itjuzi.com/investfirm/2,苏州叠纸网络/暖暖环游世界,游戏动漫,a,数百万美元,IDG资本
"2014.1",,http://itjuzi.com/investfirm/2,V直播/五十岚,多媒体娱乐,angel,数百万人民币,IDG资本
"2014.1",,http://itjuzi.com/investfirm/2,名校直播/五十岚,多媒体娱乐,angel,数百万人民币,IDG资本
"2014.1",,http://itjuzi.com/investfirm/2,酷家乐/杭州群核,消费生活,a,数百万美元,IDG资本
"2014.1",,http://itjuzi.com/investfirm/2,美啦美妆/品汇科技,消费生活,a,数百万美元,IDG资本
"2014.1",,http://itjuzi.com/investfirm/2,美肤汇,电子商务,a,数百万美元,IDG资本
"2014.1",,http://itjuzi.com/investfirm/2,MYOTee脸萌,移动互联网,angel,数百万人民币,IDG资本
"2014.1",,http://itjuzi.com/investfirm/2,优车诚品,汽车交通,a,数千万美元,IDG资本
"2014.1",,http://itjuzi.com/investfirm/2,北京掌上汇通/PP钱包,金融服务,a,15000万人民币,IDG资本
"2013.3",,http://itjuzi.com/investfirm/1,ANE安能物流,其他,a,数千万美元,红杉资本中国
"2013.3",,http://itjuzi.com/investfirm/1,UnitedStack优思得,企业服务,angel,150万美元,红杉资本中国
"2013.2",,http://itjuzi.com/investfirm/1,北森,企业服务,b,1000万美元,红杉资本中国
"2013.1",,http://itjuzi.com/investfirm/1,84WIFI智帮众达,多媒体娱乐,a,数百万美元,红杉资本中国
"2013.1",,http://itjuzi.com/investfirm/1,深圳大疆创新科技DJI,电子硬件,a,数千万美元,红杉资本中国
"2013.1",,http://itjuzi.com/investfirm/1,LALABOBO晒客天地科技,电子商务,a,数百万美元,红杉资本中国
"2013.1",,http://itjuzi.com/investfirm/1,唱吧,移动互联网,b,1500万美元,红杉资本中国
"2013.1",,http://itjuzi.com/investfirm/1,Tower.im,企业服务,a,数百万美元,红杉资本中国
"2011.1",王华东,http://itjuzi.com/investfirm/7,上海慕和网络,游戏动漫,a,数百万美元,经纬中国
"2010.12",,http://itjuzi.com/investfirm/7,丽子商城/NALA娜拉,电子商务,a,数百万美元,经纬中国
"2010.12",,http://itjuzi.com/investfirm/7,NALA娜拉,电子商务,a,未透露人民币,经纬中国
"2010.12",,http://itjuzi.com/investfirm/7,荔枝FM/一把伞网络,移动互联网,a,数百万美元,经纬中国
"2010.11",,http://itjuzi.com/investfirm/7,文件大师/极客软件,移动互联网,angel,150万人民币,经纬中国
"2010.9",张颖,http://itjuzi.com/investfirm/7,Camera360/相机360,移动互联网,angel,数百万人民币,经纬中国
"2010.8",,http://itjuzi.com/investfirm/7,趣玩网,电子商务,b,数千万美元,经纬中国
"2010.6",,http://itjuzi.com/investfirm/7,掌中酷柚/KooGame,游戏动漫,a,数百万美元,经纬中国
"2010.6",邵亦波,http://itjuzi.com/investfirm/7,俏物悄语,电子商务,a,735万美元,经纬中国
"2009.9",,http://itjuzi.com/investfirm/7,AdSame传漾科技,广告营销,a,数百万美元,经纬中国
"2009.8",邵亦波,http://itjuzi.com/investfirm/7,安居客,房产酒店,c,1000万美元,经纬中国
"2011.8",薛蛮子,http://itjuzi.com/investfirm/3,杀价帮/源起梦想科技,电子商务,angel,数百万人民币,创新工场
"2011.8","李开复,周炜",http://itjuzi.com/investfirm/3,涂鸦移动Doodle Mobile,游戏动漫,a,1000万美元,创新工场
"2011.8",,http://itjuzi.com/investfirm/3,多贝网,教育培训,angel,数十万美元,创新工场
"2011.5",,http://itjuzi.com/investfirm/3,邻天下/邻伴,移动互联网,angel,数百万人民币,创新工场
"2011.5",,http://itjuzi.com/investfirm/3,途客圈,旅游户外,angel,数百万人民币,创新工场
"2011.5",,http://itjuzi.com/investfirm/3,拨号精灵,移动互联网,angel,数百万人民币,创新工场
"2011.4",李开复,http://itjuzi.com/investfirm/3,心游科技/逍遥江湖,游戏动漫,a,1000万人民币,创新工场
"2011.3",,http://itjuzi.com/investfirm/3,乐豚Yippee Arts,教育培训,angel,数百万人民币,创新工场
"2011.2",,http://itjuzi.com/investfirm/3,啪啪,移动互联网,angel,200万美元,创新工场
"2011.2",李开复,http://itjuzi.com/investfirm/3,点点网,SNS社交网络,angel,200万美元,创新工场
"2011.1",,http://itjuzi.com/investfirm/3,古墓猎人/展程科技,游戏动漫,angel,数百万人民币,创新工场
"2012.2",,http://itjuzi.com/investfirm/4,PeakLabs/猛犸浏览器,工具软件,angel,数百万人民币,真格基金
"2012.2",,http://itjuzi.com/investfirm/4,Delectable,移动互联网,angel,数十万美元,真格基金
"2012.2","徐小平,王啸",http://itjuzi.com/investfirm/4,美餐网,电子商务,angel,未透露人民币,真格基金
"2012.1",,http://itjuzi.com/investfirm/4,猿山科技ApeHills,移动互联网,angel,数百万人民币,真格基金
"2012.1",,http://itjuzi.com/investfirm/4,1折店/创志宏图网络,电子商务,angel,100万美元,真格基金
"2012.1",,http://itjuzi.com/investfirm/4,AnG无双科技,广告营销,angel,数百万人民币,真格基金
"2012.1",,http://itjuzi.com/investfirm/4,eChineseLearning,教育培训,a,数百万美元,真格基金
"2012.1",,http://itjuzi.com/investfirm/4,kiDulty潮流先锋,媒体资讯,angel,数百万人民币,真格基金
"2012.1",,http://itjuzi.com/investfirm/4,摇摇招车,汽车交通,angel,数十万美元,真格基金
"2012.1",李论,http://itjuzi.com/investfirm/4,尚街网,多媒体娱乐,angel,数百万人民币,真格基金
"2012.1",徐小平,http://itjuzi.com/investfirm/4,今晚看啥,多媒体娱乐,angel,100万美元,真格基金
"2014.1",,http://itjuzi.com/investfirm/2,Formax福亿/福迈斯科技,金融服务,a,数千万美元,IDG资本
"2014.1",,http://itjuzi.com/investfirm/2,递四方速递4PX,电子商务,preipo,5000万美元,IDG资本
"2014.1",,http://itjuzi.com/investfirm/2,群核云计算,企业服务,a,数百万美元,IDG资本
"2013.12",,http://itjuzi.com/investfirm/2,一起唱/洛哈网络,移动互联网,a,1000万人民币,IDG资本
"2013.12",汤和松,http://itjuzi.com/investfirm/2,YOKA时尚网,媒体资讯,c,1500万美元,IDG资本
"2013.12",李丰,http://itjuzi.com/investfirm/2,铜板街,金融服务,a,1000万美元,IDG资本
"2013.11",李丰,http://itjuzi.com/investfirm/2,杭州同盾科技FraudMetrix,金融服务,a,1000万人民币,IDG资本
"2013.1",,http://itjuzi.com/investfirm/2,逗Bee/优米信息,SNS社交网络,a,数百万美元,IDG资本
"2013.1",,http://itjuzi.com/investfirm/2,文件全能王/优米科技,移动互联网,a,数百万美元,IDG资本
"2013.1",,http://itjuzi.com/investfirm/2,莉莉丝Lilith Games/刀塔传奇,游戏动漫,angel,数百万人民币,IDG资本
"2013.1",,http://itjuzi.com/investfirm/2,上海库寅恩,游戏动漫,a,1000万人民币,IDG资本
"2013.1",李丰,http://itjuzi.com/investfirm/2,哔哩哔哩bilibili,多媒体娱乐,a,数百万美元,IDG资本
"2013.1",,http://itjuzi.com/investfirm/2,英语流利说,教育培训,a,数百万美元,IDG资本
"2013.1",,http://itjuzi.com/investfirm/1,AnG无双科技,广告营销,a,数百万美元,红杉资本中国
"2013.1","徐小平,丁纯",http://itjuzi.com/investfirm/1,Everstring万维思源,企业服务,a,160万美元,红杉资本中国
"2013.1",,http://itjuzi.com/investfirm/1,蚂蚁短租,房产酒店,a,数百万美元,红杉资本中国
"2013.1",,http://itjuzi.com/investfirm/1,钱方,金融服务,a,数百万美元,红杉资本中国
"2012.12",朱璘,http://itjuzi.com/investfirm/1,够快科技/够快网盘,企业服务,a,4000万人民币,红杉资本中国
"2012.1",,http://itjuzi.com/investfirm/1,汇讯WiseUC/励拓软件,企业服务,a,1000万美元,红杉资本中国
"2012.9",,http://itjuzi.com/investfirm/1,拍拍贷,金融服务,a,2500万美元,红杉资本中国
"2012.9",,http://itjuzi.com/investfirm/1,杭州数云/华院数云,企业服务,a,数百万美元,红杉资本中国
"2012.8",王淮,http://itjuzi.com/investfirm/1,大众点评网,消费生活,preipo,6400万美元,红杉资本中国
"2012.4",,http://itjuzi.com/investfirm/1,东方风行传媒,多媒体娱乐,b,4000万美元,红杉资本中国
"2012.4",,http://itjuzi.com/investfirm/1,乐蜂网/东方风行,电子商务,b,4000万美元,红杉资本中国
"2012.4",,http://itjuzi.com/investfirm/1,摇摇招车,汽车交通,a,350万美元,红杉资本中国
"2012.3",,http://itjuzi.com/investfirm/1,逛街助手/路客网,消费生活,a,数百万美元,红杉资本中国
"2012.2",,http://itjuzi.com/investfirm/1,PeakLabs/猛犸浏览器,工具软件,angel,数百万人民币,红杉资本中国
"2009.1","邵亦波,陈宏",http://itjuzi.com/investfirm/7,爱帮网,消费生活,b,数千万美元,经纬中国
"2008.11",张震,http://itjuzi.com/investfirm/7,暴风影音,多媒体娱乐,c,1500万美元,经纬中国
"2008.11",邵亦波,http://itjuzi.com/investfirm/7,安居客,房产酒店,a,1000万美元,经纬中国
"2008.3",邵亦波,http://itjuzi.com/investfirm/7,宝宝树,教育培训,b,1000万美元,经纬中国
"2007.12",,http://itjuzi.com/investfirm/7,爱康国宾,医疗健康,c,数千万美元,经纬中国
"2007.11",邵亦波,http://itjuzi.com/investfirm/7,安居客,房产酒店,a,200万美元,经纬中国
"2007.4",邵亦波,http://itjuzi.com/investfirm/7,爱帮网,消费生活,a,500万人民币,经纬中国
"2011.1",,http://itjuzi.com/investfirm/3,啪嗒游戏/植物大作战,游戏动漫,angel,数百万人民币,创新工场
"2011.1",汪潮涌,http://itjuzi.com/investfirm/3,微拍/蝈蝈在线科技,移动互联网,angel,数百万人民币,创新工场
"2011.1",李开复,http://itjuzi.com/investfirm/3,知乎,SNS社交网络,angel,数百万人民币,创新工场
"2010.12",,http://itjuzi.com/investfirm/3,课程格子,移动互联网,angel,数百万人民币,创新工场
"2010.12",李开复,http://itjuzi.com/investfirm/3,乐啊科技,广告营销,angel,数百万人民币,创新工场
"2010.12",李开复,http://itjuzi.com/investfirm/3,布丁移动,移动互联网,angel,数百万人民币,创新工场
"2010.1",,http://itjuzi.com/investfirm/3,魔图精灵,移动互联网,angel,数百万人民币,创新工场
"2010.1",李开复,http://itjuzi.com/investfirm/3,涂鸦移动Doodle Mobile,游戏动漫,angel,数百万人民币,创新工场
"2010.8",李开复,http://itjuzi.com/investfirm/3,点心移动,移动互联网,angel,数百万美元,创新工场
"2010.8",,http://itjuzi.com/investfirm/3,磊友,游戏动漫,angel,未透露美元,创新工场
"2010.6",,http://itjuzi.com/investfirm/3,行云,企业服务,a,500万美元,创新工场
"2011.12","李开复,徐小平,薛蛮子",http://itjuzi.com/investfirm/4,创投圈,企业服务,angel,数百万人民币,真格基金
"2011.12",徐小平,http://itjuzi.com/investfirm/4,灵游坊,游戏动漫,angel,数百万人民币,真格基金
"2011.12",徐小平,http://itjuzi.com/investfirm/4,51Talk无忧英语,教育培训,angel,数十万美元,真格基金
"2011.12",徐小平,http://itjuzi.com/investfirm/4,365翻译/一朵云,企业服务,angel,数百万美元,真格基金
"2011.12","徐小平,王强",http://itjuzi.com/investfirm/4,一起作业网,教育培训,angel,数百万人民币,真格基金
"2011.12",李祝捷,http://itjuzi.com/investfirm/4,找钢网,电子商务,a,1000万人民币,真格基金
"2011.1",,http://itjuzi.com/investfirm/4,来品网,电子商务,angel,未透露美元,真格基金
"2011.1",徐小平,http://itjuzi.com/investfirm/4,网校网/搜网校 ,教育培训,angel,未透露人民币,真格基金
"2011.1","徐小平,Cyril Ebersweiler",http://itjuzi.com/investfirm/4,SmarTots聪明多,教育培训,angel,100万美元,真格基金
"2011.9",徐小平,http://itjuzi.com/investfirm/4,友言/JiaThis,工具软件,angel,10万人民币,真格基金
"2011.8",徐小平,http://itjuzi.com/investfirm/4,芥末留学网,教育培训,angel,数百万人民币,真格基金
"2013.9",李丰,http://itjuzi.com/investfirm/2,币行网/友聚惠,金融服务,a,数百万美元,IDG资本
"2013.9",李丰,http://itjuzi.com/investfirm/2,挖财/财米科技,金融服务,a,数千万美元,IDG资本
"2013.9",,http://itjuzi.com/investfirm/2,App Annie,移动互联网,c,1500万美元,IDG资本
"2013.9",,http://itjuzi.com/investfirm/2,追光动画,游戏动漫,a,500万美元,IDG资本
"2013.9",李丰,http://itjuzi.com/investfirm/2,好巧网,房产酒店,angel,数百万人民币,IDG资本
"2013.8",高翔,http://itjuzi.com/investfirm/2,EJOY广州简悦科技,游戏动漫,a,数千万人民币,IDG资本
"2013.8",,http://itjuzi.com/investfirm/2,寺库网,电子商务,c,数千万美元,IDG资本
"2013.8",,http://itjuzi.com/investfirm/2,猿题库,教育培训,b,700万美元,IDG资本
"2013.7",,http://itjuzi.com/investfirm/2,品致幻享/狼三国,游戏动漫,angel,数百万人民币,IDG资本
"2013.7",李丰,http://itjuzi.com/investfirm/2,百分点科技,广告营销,b,1000万美元,IDG资本
"2012.1",,http://itjuzi.com/investfirm/1,上海汇纳科技Winner,企业服务,b,数千万美元,红杉资本中国
"2012.1",,http://itjuzi.com/investfirm/1,慧达驿站,房产酒店,a,5000万人民币,红杉资本中国
"2012.1",,http://itjuzi.com/investfirm/1,mo9先玩后付/祺拓,游戏动漫,a,数百万美元,红杉资本中国
"2012.1",,http://itjuzi.com/investfirm/1,随手记/随手网,金融服务,a,1500万美元,红杉资本中国
"2012.1",郭佳,http://itjuzi.com/investfirm/1,聚美优品,电子商务,b,数千万美元,红杉资本中国
"2011.12",,http://itjuzi.com/investfirm/1,海纳医信,医疗健康,a,3000万人民币,红杉资本中国
"2011.11",,http://itjuzi.com/investfirm/1,酒仙网,电子商务,b,数千万美元,红杉资本中国
"2011.1","朱天宇,符绩勋,胡磊",http://itjuzi.com/investfirm/1,美丽说,电子商务,c,2000万美元,红杉资本中国
"2011.9",,http://itjuzi.com/investfirm/1,看书网/古羌科技,文化艺术体育,a,2700万人民币,红杉资本中国
"2011.9",,http://itjuzi.com/investfirm/1,驴妈妈旅游网,旅游户外,c,亿元及以上人民币,红杉资本中国
"2011.8",,http://itjuzi.com/investfirm/1,豆瓣/豆网科技,SNS社交网络,c,5000万美元,红杉资本中国
"2011.8",孙谦,http://itjuzi.com/investfirm/1,瑞卡租车,汽车交通,a,数千万美元,红杉资本中国
"2010.5",李开复,http://itjuzi.com/investfirm/3,友盟,移动互联网,angel,数百万人民币,创新工场
"2010.4",,http://itjuzi.com/investfirm/3,应用汇,移动互联网,angel,未透露美元,创新工场
"2009.12",李开复,http://itjuzi.com/investfirm/3,豌豆荚,移动互联网,angel,数百万美元,创新工场
"2011.5",徐小平,http://itjuzi.com/investfirm/4,锦食送,电子商务,angel,未透露人民币,真格基金
"2011.4",徐小平,http://itjuzi.com/investfirm/4,千团网,电子商务,a,1000万人民币,真格基金
"2011.3","徐小平,王利杰",http://itjuzi.com/investfirm/4,时差网,教育培训,angel,数百万人民币,真格基金
"2011.1",,http://itjuzi.com/investfirm/4,阿达游戏,游戏动漫,angel,200万人民币,真格基金
"2011.1",,http://itjuzi.com/investfirm/4,贝乐学科英语,教育培训,angel,数百万人民币,真格基金
"2011.1","徐小平,薛蛮子",http://itjuzi.com/investfirm/4,筋斗云游戏,游戏动漫,angel,数百万人民币,真格基金
"2011.1","徐小平,王强",http://itjuzi.com/investfirm/4,酷伴网,教育培训,angel,300万人民币,真格基金
"2011.1",汪潮涌,http://itjuzi.com/investfirm/4,微拍/蝈蝈在线科技,移动互联网,angel,数百万人民币,真格基金
"2011.1","徐小平,陈科屹",http://itjuzi.com/investfirm/4,豪腾嘉科Hortor/疯狂猜图,移动互联网,angel,数百万美元,真格基金
"2010.1","徐小平,刘芹,雷军",http://itjuzi.com/investfirm/4,多看阅读,移动互联网,a,1000万美元,真格基金
"2010.5",徐小平,http://itjuzi.com/investfirm/4,易到用车,汽车交通,angel,100万美元,真格基金
"2010.4","徐小平,陈科屹,张巍(1)",http://itjuzi.com/investfirm/4,聚美优品,电子商务,angel,数百万美元,真格基金
"2013.6",,http://itjuzi.com/investfirm/2,忍者来了/上海墨白,游戏动漫,angel,数百万人民币,IDG资本
"2013.6",,http://itjuzi.com/investfirm/2,深圳柔宇科技Royole,电子硬件,b,数千万美元,IDG资本
"2013.6",,http://itjuzi.com/investfirm/2,三只松鼠,电子商务,a,600万美元,IDG资本
"2013.6",,http://itjuzi.com/investfirm/2,微护照Weipass,移动互联网,a,400万美元,IDG资本
"2013.4",,http://itjuzi.com/investfirm/2,IVI MOVIE艾米1895,多媒体娱乐,a,数千万人民币,IDG资本
"2013.4",,http://itjuzi.com/investfirm/2,五星汇,旅游户外,a,数百万美元,IDG资本
"2011.8",,http://itjuzi.com/investfirm/1,触控科技CocoaChina,游戏动漫,b,1400万美元,红杉资本中国
"2011.8",,http://itjuzi.com/investfirm/1,海豚浏览器/百纳信息,移动互联网,a,1000万美元,红杉资本中国
"2011.8","计越,付磊",http://itjuzi.com/investfirm/1,我查查,移动互联网,a,1200万美元,红杉资本中国
"2011.8",,http://itjuzi.com/investfirm/1,芭莎网,电子商务,a,1000万人民币,红杉资本中国
"2011.7",,http://itjuzi.com/investfirm/1,博雅互动,游戏动漫,a,600万美元,红杉资本中国
"2011.7",,http://itjuzi.com/investfirm/1,美团网,电子商务,b,5000万美元,红杉资本中国
"2011.7",,http://itjuzi.com/investfirm/1,胡莱游戏/互爱科技,游戏动漫,b,2000万美元,红杉资本中国
"2011.6",,http://itjuzi.com/investfirm/1,九九维康,电子商务,b,数千万人民币,红杉资本中国
"2011.6",,http://itjuzi.com/investfirm/1,裂帛,电子商务,a,1000万美元,红杉资本中国
"2011.6",,http://itjuzi.com/investfirm/1,食神摇摇/乐呵互动,消费生活,a,200万美元,红杉资本中国
"2011.6",曹毅,http://itjuzi.com/investfirm/1,雪球财经,金融服务,a,2000万人民币,红杉资本中国
"2007.6",徐小平,http://itjuzi.com/investfirm/4,过来人教育/过来人公开课,教育培训,a,未透露人民币,真格基金
"2007.1","徐小平,李祝捷",http://itjuzi.com/investfirm/4,真朴教育,教育培训,angel,数百万人民币,真格基金
"2013.4",岳斌,http://itjuzi.com/investfirm/2,梆梆Bangcle/洋浦伟业,移动互联网,b,数千万美元,IDG资本
"2013.3",,http://itjuzi.com/investfirm/2,果壳网,媒体资讯,b,数千万美元,IDG资本
"2013.3",,http://itjuzi.com/investfirm/2,风云直播/云太和网络,移动互联网,angel,数百万人民币,IDG资本
"2013.3",,http://itjuzi.com/investfirm/2,RippleCN锐博汇通科技,金融服务,angel,数百万人民币,IDG资本
"2013.3",,http://itjuzi.com/investfirm/2,UnitedStack优思得,企业服务,angel,150万美元,IDG资本
"2013.3",,http://itjuzi.com/investfirm/2,动点科技TechNode,媒体资讯,a,数百万人民币,IDG资本
"2013.3",,http://itjuzi.com/investfirm/2,Jing.fm,多媒体娱乐,a,数百万美元,IDG资本
"2013.1",,http://itjuzi.com/investfirm/2,追梦网,金融服务,a,未透露人民币,IDG资本
"2013.1",杨轩,http://itjuzi.com/investfirm/2,SegmentFault/堆栈科技,SNS社交网络,angel,数百万人民币,IDG资本
"2013.1",,http://itjuzi.com/investfirm/2,师兄帮帮忙,SNS社交网络,a,数百万美元,IDG资本
"2013.1",,http://itjuzi.com/investfirm/2,SeeedStudio矽递科技,电子硬件,a,数百万美元,IDG资本
"2013.1","徐小平,丁纯",http://itjuzi.com/investfirm/2,Everstring万维思源,企业服务,a,160万美元,IDG资本
"2011.6",,http://itjuzi.com/investfirm/1,E店宝/圣特尔科技,电子商务,a,数百万美元,红杉资本中国
"2011.5",,http://itjuzi.com/investfirm/1,赶集网,消费生活,c,7000万美元,红杉资本中国
"2011.5",,http://itjuzi.com/investfirm/1,美丽说,电子商务,b,800万美元,红杉资本中国
"2011.4",,http://itjuzi.com/investfirm/1,大众点评网,消费生活,c,10000万美元,红杉资本中国
"2011.4",张磊(1),http://itjuzi.com/investfirm/1,京东商城,电子商务,c,150000万美元,红杉资本中国
"2011.4",,http://itjuzi.com/investfirm/1,Milanoo/米兰网,电子商务,a,1000万美元,红杉资本中国
"2011.4",,http://itjuzi.com/investfirm/1,途牛旅游网,旅游户外,c,5000万美元,红杉资本中国
"2011.3",,http://itjuzi.com/investfirm/1,啪啪,移动互联网,a,1000万美元,红杉资本中国
"2011.3",,http://itjuzi.com/investfirm/1,点点网,SNS社交网络,a,1000万美元,红杉资本中国
"2013.1",赵涛,http://itjuzi.com/investfirm/2,米折网,电子商务,a,数千万人民币,IDG资本
"2012.1",,http://itjuzi.com/investfirm/2,纷享销客/易动纷享科技,企业服务,a,数百万美元,IDG资本
"2012.1",,http://itjuzi.com/investfirm/2,苏格好色/SugarLady,电子商务,a,数百万美元,IDG资本
"2012.1",,http://itjuzi.com/investfirm/2,Facishare纷享科技,企业服务,a,数百万美元,IDG资本
"2012.1","张震,龙宇",http://itjuzi.com/investfirm/2,蘑菇街,电子商务,c,数千万美元,IDG资本
"2012.8",,http://itjuzi.com/investfirm/2,App Annie,移动互联网,b,600万美元,IDG资本
"2012.8",朱仁辉,http://itjuzi.com/investfirm/2,聚尚网,电子商务,b,3000万美元,IDG资本
"2012.8",,http://itjuzi.com/investfirm/2,猿题库,教育培训,a,1000万人民币,IDG资本
"2012.8",,http://itjuzi.com/investfirm/2,豆角网/豆角优惠,电子商务,a,400万美元,IDG资本
"2012.8",,http://itjuzi.com/investfirm/2,粉笔网/猿题库,教育培训,a,1000万人民币,IDG资本
"2012.7",,http://itjuzi.com/investfirm/2,Minus,多媒体娱乐,b,数百万美元,IDG资本
"2011.3",陈科屹,http://itjuzi.com/investfirm/1,聚美优品,电子商务,a,1000万美元,红杉资本中国
"2011.2",,http://itjuzi.com/investfirm/1,万学教育/海文考研,教育培训,b,2000万美元,红杉资本中国
"2011.1",,http://itjuzi.com/investfirm/1,上海汇纳科技Winner,企业服务,a,数百万美元,红杉资本中国
"2011.1",,http://itjuzi.com/investfirm/1,航班管家/高铁管家,汽车交通,a,500万美元,红杉资本中国
"2011.1",,http://itjuzi.com/investfirm/1,活力天汇,移动互联网,a,500万美元,红杉资本中国
"2010.12",,http://itjuzi.com/investfirm/1,光环新网,其他,b,数千万美元,红杉资本中国
"2010.11",,http://itjuzi.com/investfirm/1,驴妈妈旅游网,旅游户外,b,10000万人民币,红杉资本中国
"2010.1",,http://itjuzi.com/investfirm/1,19pay一九付/高阳捷迅,金融服务,a,数千万美元,红杉资本中国
"2010.1",,http://itjuzi.com/investfirm/1,一九易站/19e数字便民,消费生活,a,数千万美元,红杉资本中国
"2010.9",,http://itjuzi.com/investfirm/1,美团网,电子商务,a,1000万美元,红杉资本中国
"2010.7",,http://itjuzi.com/investfirm/1,好乐买,电子商务,b,1700万美元,红杉资本中国
"2012.7","张震,赵涛",http://itjuzi.com/investfirm/2,力美广告I-Media,广告营销,b,2000万美元,IDG资本
"2012.5",,http://itjuzi.com/investfirm/2,寺库网,电子商务,b,3000万美元,IDG资本
"2012.5",,http://itjuzi.com/investfirm/2,Ztelic智拓通达,企业服务,angel,200万美元,IDG资本
"2012.5",,http://itjuzi.com/investfirm/2,友拓/惟知广聚,SNS社交网络,angel,数百万人民币,IDG资本
"2012.5",,http://itjuzi.com/investfirm/2,云成互动,多媒体娱乐,a,200万美元,IDG资本
"2012.3",郝玮,http://itjuzi.com/investfirm/2,优众网,电子商务,b,4000万美元,IDG资本
"2012.3",,http://itjuzi.com/investfirm/2,三只松鼠,电子商务,angel,150万美元,IDG资本
"2012.2","岳斌,雷军,许达来",http://itjuzi.com/investfirm/2,耶客网络,移动互联网,b,数百万美元,IDG资本
"2010.5",,http://itjuzi.com/investfirm/1,九九维康,电子商务,a,未透露人民币,红杉资本中国
"2010.3",,http://itjuzi.com/investfirm/1,华医网,医疗健康,a,3000万人民币,红杉资本中国
"2009.12",,http://itjuzi.com/investfirm/1,好联络/数字天域,移动互联网,a,未透露人民币,红杉资本中国
"2009.12",,http://itjuzi.com/investfirm/1,广州百田信息/奥比岛/百奥家庭互动,游戏动漫,a,数百万美元,红杉资本中国
"2009.12",,http://itjuzi.com/investfirm/1,上海起凡游戏,游戏动漫,a,数百万美元,红杉资本中国
"2009.12",,http://itjuzi.com/investfirm/1,11对战平台/起于凡信息,游戏动漫,a,数百万美元,红杉资本中国
"2009.11",,http://itjuzi.com/investfirm/1,好乐买,电子商务,a,1000万美元,红杉资本中国
"2008.12",,http://itjuzi.com/investfirm/1,买卖宝/大Q手机,电子商务,a,数百万美元,红杉资本中国
"2008.6",,http://itjuzi.com/investfirm/1,东方风行传媒,多媒体娱乐,a,数百万美元,红杉资本中国
"2008.6",,http://itjuzi.com/investfirm/1,乐蜂网/东方风行,电子商务,a,数百万美元,红杉资本中国
"2008.2",,http://itjuzi.com/investfirm/1,麦考林/麦网,电子商务,不明确,未透露美元,红杉资本中国
"2012.1",,http://itjuzi.com/investfirm/2,美丽约,移动互联网,b,数百万美元,IDG资本
"2012.1",,http://itjuzi.com/investfirm/2,嘀嗒团,电子商务,b,数千万美元,IDG资本
"2012.1",,http://itjuzi.com/investfirm/2,携智科技Mobilewise,企业服务,a,数百万美元,IDG资本
"2012.1",李丰,http://itjuzi.com/investfirm/2,开眼数据,广告营销,b,数千万美元,IDG资本
"2012.1",,http://itjuzi.com/investfirm/2,牛排Niupai/简简单单,移动互联网,b,数百万美元,IDG资本
"2011.12",,http://itjuzi.com/investfirm/2,天天上课网,教育培训,a,数百万美元,IDG资本
"2011.12",,http://itjuzi.com/investfirm/2,91无线,移动互联网,a,3000万美元,IDG资本
"2011.12",,http://itjuzi.com/investfirm/2,知我药妆/般若天成,电子商务,a,数千万美元,IDG资本
"2011.12","岳斌,童士豪,刘芹,雷军,许达来",http://itjuzi.com/investfirm/2,小米科技/小米手机,移动互联网,b,9000万美元,IDG资本
"2011.12",岳斌,http://itjuzi.com/investfirm/2,Testin云测网络,移动互联网,a,数百万美元,IDG资本
"2008.2",,http://itjuzi.com/investfirm/1,万学教育/海文考研,教育培训,a,2000万美元,红杉资本中国
"2008.1",,http://itjuzi.com/investfirm/1,枫叶国际学校/枫叶教育,教育培训,b,2900万美元,红杉资本中国
"2007.12",,http://itjuzi.com/investfirm/1,56网,多媒体娱乐,c,数千万美元,红杉资本中国
"2007.11",,http://itjuzi.com/investfirm/1,上海新浩艺软件Hintsoft,工具软件,b,数千万美元,红杉资本中国
"2007.9",,http://itjuzi.com/investfirm/1,500万彩票网/500彩票网,电子商务,a,数千万美元,红杉资本中国
"2007.7",计越,http://itjuzi.com/investfirm/1,我要玩 51wan,游戏动漫,a,未透露人民币,红杉资本中国
"2011.11",,http://itjuzi.com/investfirm/2,Animoca/Outblaze,游戏动漫,a,数百万美元,IDG资本
"2011.11",,http://itjuzi.com/investfirm/2,顽石互动,游戏动漫,b,未透露人民币,IDG资本
"2011.11",,http://itjuzi.com/investfirm/2,爱乐活,消费生活,a,5000万美元,IDG资本
"2011.1",,http://itjuzi.com/investfirm/2,宜信,金融服务,b,数千万美元,IDG资本
"2011.8",岳斌,http://itjuzi.com/investfirm/2,CC视频,多媒体娱乐,b,2000万美元,IDG资本
"2011.7",,http://itjuzi.com/investfirm/2,Minus,多媒体娱乐,a,100万美元,IDG资本
"2011.7","岳斌,童士豪,刘芹,雷军",http://itjuzi.com/investfirm/2,小米科技/小米手机,移动互联网,a,4100万美元,IDG资本
"2011.7",,http://itjuzi.com/investfirm/2,App Annie,移动互联网,a,数百万美元,IDG资本
"2007.5",,http://itjuzi.com/investfirm/1,大众点评网,消费生活,b,2500万美元,红杉资本中国
"2006.1",,http://itjuzi.com/investfirm/1,56网,多媒体娱乐,a,数百万美元,红杉资本中国
"2006.1",,http://itjuzi.com/investfirm/1,高德,其他,a,4000万美元,红杉资本中国
"2006.1",,http://itjuzi.com/investfirm/1,大众点评网,消费生活,a,200万美元,红杉资本中国
"2011.7","张震,赵涛",http://itjuzi.com/investfirm/2,力美广告I-Media,广告营销,a,1000万美元,IDG资本
"2011.7",,http://itjuzi.com/investfirm/2,寺库网,电子商务,a,1000万美元,IDG资本
"2011.7","李丰,徐立新(1)",http://itjuzi.com/investfirm/2,百分点科技,广告营销,a,720万美元,IDG资本
"2011.6",,http://itjuzi.com/investfirm/2,易积电器,电子商务,b,2000万美元,IDG资本
"2011.6",,http://itjuzi.com/investfirm/2,VANCL凡客诚品,电子商务,preipo,23000万美元,IDG资本
"2011.6",高翔,http://itjuzi.com/investfirm/2,万兴神拍手PowerCam/万兴科技,工具软件,b,未透露人民币,IDG资本
"2011.5",,http://itjuzi.com/investfirm/2,YOKA时尚网,媒体资讯,b,数千万美元,IDG资本
"2011.4",,http://itjuzi.com/investfirm/2,猪八戒网,电子商务,b,1000万美元,IDG资本
"2011.4",,http://itjuzi.com/investfirm/2,Iwode/埃沃定制,电子商务,a,数千万人民币,IDG资本
"2011.4",,http://itjuzi.com/investfirm/2,韩都衣舍,电子商务,a,1000万美元,IDG资本
"2011.4",,http://itjuzi.com/investfirm/2,聚尚网,电子商务,a,1000万美元,IDG资本
"2011.3",,http://itjuzi.com/investfirm/2,优雅100,电子商务,a,数千万美元,IDG资本
"2011.2",,http://itjuzi.com/investfirm/2,我的百分之一,电子商务,a,1000万美元,IDG资本
"2011.1",,http://itjuzi.com/investfirm/2,疯果网/疯果盒子,电子商务,a,数百万美元,IDG资本
"2010.12",郝玮,http://itjuzi.com/investfirm/2,优众网,电子商务,a,1100万美元,IDG资本
"2010.12",,http://itjuzi.com/investfirm/2,VANCL凡客诚品,电子商务,preipo,10000万美元,IDG资本
"2010.12","张震,赵涛",http://itjuzi.com/investfirm/2,诚迈科技,移动互联网,a,1000万美元,IDG资本
"2010.11",,http://itjuzi.com/investfirm/2,嘀嗒团,电子商务,a,数百万美元,IDG资本
"2010.8",,http://itjuzi.com/investfirm/2,四海商舟,电子商务,a,4000万美元,IDG资本
"2010.8",岳斌,http://itjuzi.com/investfirm/2,梆梆Bangcle/洋浦伟业,移动互联网,a,300万美元,IDG资本
"2010.7","张震,高翔",http://itjuzi.com/investfirm/2,3G门户/久邦数码,移动互联网,c,数千万美元,IDG资本
"2010.1",张震,http://itjuzi.com/investfirm/2,厦门吉比特网络,游戏动漫,a,2000万人民币,IDG资本
"2010.1",,http://itjuzi.com/investfirm/2,广州梦龙科技/561游戏网,游戏动漫,a,数百万美元,IDG资本
"2009.11",高翔,http://itjuzi.com/investfirm/2,易积电器,电子商务,a,200万美元,IDG资本
"2009.6",张震,http://itjuzi.com/investfirm/2,神州付/神州数字,游戏动漫,b,1000万美元,IDG资本
"2009.5",,http://itjuzi.com/investfirm/2,YOKA时尚网,媒体资讯,a,数百万美元,IDG资本
"2009.4",,http://itjuzi.com/investfirm/2,北京金万维科技,企业服务,a,数百万美元,IDG资本
"2009.4",,http://itjuzi.com/investfirm/2,顽石互动,游戏动漫,a,未透露人民币,IDG资本
"2009.1",张震,http://itjuzi.com/investfirm/2,DealeXtreme帝科思DX,电子商务,a,数千万美元,IDG资本
"2009.1",,http://itjuzi.com/investfirm/2,立方网,移动互联网,a,数百万美元,IDG资本
"2008.12",,http://itjuzi.com/investfirm/2,5173游戏网,游戏动漫,c,数千万美元,IDG资本
"2008.11",张震,http://itjuzi.com/investfirm/2,暴风影音,多媒体娱乐,c,1500万美元,IDG资本
"2008.11",,http://itjuzi.com/investfirm/2,达内科技/达内教育,教育培训,b,数千万美元,IDG资本
"2008.11",,http://itjuzi.com/investfirm/2,福州天盟数码IGG,游戏动漫,b,数千万美元,IDG资本
"2008.8",张震,http://itjuzi.com/investfirm/2,神州付/神州数字,游戏动漫,a,500万美元,IDG资本
"2008.8",童士豪,http://itjuzi.com/investfirm/2,VANCL凡客诚品,电子商务,c,3000万美元,IDG资本
"2008.5",张震,http://itjuzi.com/investfirm/2,蓝港在线/蓝港互动,游戏动漫,b,2500万美元,IDG资本
"2008.1",,http://itjuzi.com/investfirm/2,VANCL凡客诚品,电子商务,b,1000万美元,IDG资本
"2008.1",曾李青,http://itjuzi.com/investfirm/2,派瑞安擎ParaEngine,游戏动漫,a,数百万美元,IDG资本
"2007.12",岳斌,http://itjuzi.com/investfirm/2,CC视频,多媒体娱乐,a,300万美元,IDG资本
"2007.11",,http://itjuzi.com/investfirm/2,福州天盟数码IGG,游戏动漫,a,数百万美元,IDG资本
"2007.1",,http://itjuzi.com/investfirm/2,VANCL凡客诚品,电子商务,a,200万美元,IDG资本
"2007.9",,http://itjuzi.com/investfirm/2,500万彩票网/500彩票网,电子商务,a,数千万美元,IDG资本
"2007.6",李丰,http://itjuzi.com/investfirm/2,开眼数据,广告营销,a,数百万美元,IDG资本
"2007.3",张震,http://itjuzi.com/investfirm/2,蓝港在线/蓝港互动,游戏动漫,a,1000万美元,IDG资本
"2007.3",,http://itjuzi.com/investfirm/2,小i机器人,移动互联网,b,数千万美元,IDG资本
"2007.2",张震,http://itjuzi.com/investfirm/2,暴风影音,多媒体娱乐,b,数千万美元,IDG资本
"2007.1",,http://itjuzi.com/investfirm/2,9158聚乐网/天鸽集团,多媒体娱乐,a,500万美元,IDG资本
"2007.1",,http://itjuzi.com/investfirm/2,迅雷网络,多媒体娱乐,c,2000万美元,IDG资本
"2006.12",,http://itjuzi.com/investfirm/2,搜课网,教育培训,a,未透露美元,IDG资本
"2006.7",,http://itjuzi.com/investfirm/2,POCO网,多媒体娱乐,b,1200万美元,IDG资本
"2006.6",高翔,http://itjuzi.com/investfirm/2,动网先锋,游戏动漫,a,数百万美元,IDG资本
"2006.6","张震,高翔",http://itjuzi.com/investfirm/2,3G门户/久邦数码,移动互联网,b,2000万美元,IDG资本
"2006.5",,http://itjuzi.com/investfirm/2,39健康网,医疗健康,收购,3000万人民币,IDG资本
"2006.1",张震,http://itjuzi.com/investfirm/2,暴风影音,多媒体娱乐,a,300万美元,IDG资本
"2005.12",,http://itjuzi.com/investfirm/2,迅雷网络,多媒体娱乐,b,1000万美元,IDG资本
"2005.12",,http://itjuzi.com/investfirm/2,小i机器人,移动互联网,a,数百万美元,IDG资本
"2005.8",,http://itjuzi.com/investfirm/2,上海新浩艺软件Hintsoft,工具软件,a,数百万美元,IDG资本
"2005.4",,http://itjuzi.com/investfirm/2,亿美软通,企业服务,b,1000万美元,IDG资本
"2005.1","张震,高翔",http://itjuzi.com/investfirm/2,3G门户/久邦数码,移动互联网,a,200万美元,IDG资本
"2005.1",,http://itjuzi.com/investfirm/2,5173游戏网,游戏动漫,b,数千万美元,IDG资本
"2004.5",,http://itjuzi.com/investfirm/2,亿美软通,企业服务,a,数百万美元,IDG资本
"2004.3",,http://itjuzi.com/investfirm/2,5173游戏网,游戏动漫,a,300万美元,IDG资本
"2003.9",,http://itjuzi.com/investfirm/2,达内科技/达内教育,教育培训,a,数百万美元,IDG资本
"2003.7",,http://itjuzi.com/investfirm/2,POCO网,多媒体娱乐,a,600万美元,IDG资本
"2003.6",,http://itjuzi.com/investfirm/2,迅雷网络,多媒体娱乐,a,数百万美元,IDG资本
"2003.1",,http://itjuzi.com/investfirm/2,SiteView游龙科技,企业服务,a,数百万美元,IDG资本
"2000.3",,http://itjuzi.com/investfirm/2,中国人才热线,企业服务,a,数百万美元,IDG资本